title,company,city,date,url,department,workplace_type
Accountant,Deloitte Israel,Tel Aviv,2026-06-07,https://careers.deloitte.co.il/position/d1-c6c-en/,Audit - Intern,onsite
Accountant,Deloitte Israel,Jerusalem,2026-06-07,https://careers.deloitte.co.il/position/d1-c6c-92-303-en/,Audit - Intern,onsite
AI Security Architect,Deloitte Israel,Tel Aviv,2026-06-07,https://careers.deloitte.co.il/position/1e-e57-en/,Cyber,onsite
AI Security Engineer,Deloitte Israel,Tel Aviv,2026-06-07,https://careers.deloitte.co.il/position/1e-e56-en/,Cyber,onsite
Audit Associate (CPA),Deloitte Israel,Tel Aviv,2026-06-07,https://careers.deloitte.co.il/position/62-267-en/,Audit,onsite
Audit Associate (CPA) for the Private Sector,Deloitte Israel,Tel Aviv,2026-06-07,https://careers.deloitte.co.il/position/c8-76d-en/,Audit,onsite
Audit CPA for Export Services,Deloitte Israel,Tel Aviv,2026-06-07,https://careers.deloitte.co.il/position/cd-558-en/,CPA,onsite
Audit Intern - Financial Sector,Deloitte Israel,Tel Aviv,2026-06-07,https://careers.deloitte.co.il/position/21-f52-en/,Audit - Intern,onsite
Audit Intern - Haifa Office,Deloitte Israel,Haifa,2026-06-07,https://careers.deloitte.co.il/position/72-751-en/,Audit,onsite
Audit intern - Jerusalem Office,Deloitte Israel,Jerusalem,2026-06-07,https://careers.deloitte.co.il/position/dc-65a-en/,Audit - Intern,onsite
Audit Intern - Student Position,Deloitte Israel,Tel Aviv,2026-06-07,https://careers.deloitte.co.il/position/72-c5f-en/,Audit,onsite
Audit Manager,Deloitte Israel,Tel Aviv,2026-06-07,https://careers.deloitte.co.il/position/6e-f5b-en/,Audit,onsite
Audit Senior Staff,Deloitte Israel,Jerusalem,2026-06-07,https://careers.deloitte.co.il/position/ca-16e-en/,Audit,onsite
"Audit, SOX & Controls Consultant - Financial Sector",Deloitte Israel,Tel Aviv,2026-06-07,https://careers.deloitte.co.il/position/cf-a66-en/,Internal Audit,onsite
"Audit, SOX & Controls Manager - Financial Sector",Deloitte Israel,Tel Aviv,2026-06-07,https://careers.deloitte.co.il/position/3d-a6e-en/,Internal Audit,onsite
Backend Developer,Deloitte Israel,Tel Aviv,2026-06-07,https://careers.deloitte.co.il/position/1a-76c-en/,Cloud,onsite
Backend Developer,Deloitte Israel,Tel Aviv,2026-06-07,https://careers.deloitte.co.il/position/1a-76d-en/,Cloud,onsite
Backend Developer manager,Deloitte Israel,Tel Aviv,2026-06-07,https://careers.deloitte.co.il/position/1a-768-en/,Cloud,onsite
Big Data Engineer,Deloitte Israel,Tel Aviv,2026-06-07,https://careers.deloitte.co.il/position/03-756-en/,Data & AI,onsite
C++ Backend Developer,Deloitte Israel,Tel Aviv,2026-06-07,https://careers.deloitte.co.il/position/1a-76e-en/,Cloud,onsite
Client and Collections Coordinator,Deloitte Israel,Jerusalem,2026-06-07,https://careers.deloitte.co.il/position/d7-a54-en/,Audit,onsite
Cloud & DevOps Team lead,Deloitte Israel,Tel Aviv,2026-06-07,https://careers.deloitte.co.il/position/e6-74f-en/,Cloud,onsite
Cloud Security Architect,Deloitte Israel,Tel Aviv,2026-06-07,https://careers.deloitte.co.il/position/45-a40-en/,Cyber,onsite
Corporate Finance consultant,Deloitte Israel,Tel Aviv,2026-06-07,https://careers.deloitte.co.il/position/ea-e4f-en/,Investment Banking,onsite
Creative Design Lead,Deloitte Israel,Tel Aviv,2026-06-07,https://careers.deloitte.co.il/position/63-b6f-en/,Studio Awesome,onsite
Data Science Lead- R&D and Innovation Center,Deloitte Israel,Tel Aviv,2026-06-07,https://careers.deloitte.co.il/position/d2-c52-en/,Data & AI,onsite
Devops Engineer,Deloitte Israel,Tel Aviv,2026-06-07,https://careers.deloitte.co.il/position/3e-f4a-en/,Cloud,onsite
Export US Tax,Deloitte Israel,Tel Aviv,2026-06-08,https://careers.deloitte.co.il/position/14-c6c-en/,US Tax,onsite
Finance Systems Implementer,Deloitte Israel,Tel Aviv,2026-06-07,https://careers.deloitte.co.il/position/33-46e-en/,Finance Transformation,onsite
Finance Transformation Technology and AI Consultant,Deloitte Israel,Tel Aviv,2026-06-07,https://careers.deloitte.co.il/position/02-562-en/,Finance Transformation,onsite
Financial Control Consultant - Temporary position,Deloitte Israel,Tel Aviv,2026-06-07,https://careers.deloitte.co.il/position/05-a6e-en/,Audit,onsite
Fraud Manager,Deloitte Israel,Tel Aviv,2026-06-07,https://careers.deloitte.co.il/position/d9-966-en/,Risk Advisory,onsite
Frontend Developer,Deloitte Israel,Tel Aviv,2026-06-07,https://careers.deloitte.co.il/position/1a-76f-en/,Cloud,onsite
Full Stack Developer,Deloitte Israel,Tel Aviv,2026-06-07,https://careers.deloitte.co.il/position/fe-b50-en/,Human Capital,onsite
Full Stack Developer,Deloitte Israel,Tel Aviv,2026-06-07,https://careers.deloitte.co.il/position/f3-464-en/,Data & AI,onsite
Full Stack Developer,Deloitte Israel,Tel Aviv,2026-06-07,https://careers.deloitte.co.il/position/23-769-en/,Salesforce,onsite
Full Stack Developer,Deloitte Israel,Tel Aviv,2026-06-07,https://careers.deloitte.co.il/position/53-b6b-en/,Adobe,onsite
Future of Work Consultant,Deloitte Israel,Tel Aviv,2026-06-07,https://careers.deloitte.co.il/position/5f-267-en/,Human Capital,onsite
Hands-On Data & AI Architect,Deloitte Israel,Tel Aviv,2026-06-07,https://careers.deloitte.co.il/position/03-753-en/,Data & AI,onsite
Integration Developer,Deloitte Israel,Tel Aviv,2026-06-07,https://careers.deloitte.co.il/position/23-768-en/,Human Capital,onsite
Internal Audit & SOX Consultant,Deloitte Israel,Tel Aviv,2026-06-07,https://careers.deloitte.co.il/position/3d-a69-en/,Internal Audit,onsite
Internal Audit Associate (CPA),Deloitte Israel,Jerusalem,2026-06-07,https://careers.deloitte.co.il/position/09-a59-en/,Internal Audit,onsite
Internal Audit Consultant,Deloitte Israel,Tel Aviv,2026-06-07,https://careers.deloitte.co.il/position/22-651-en/,Internal Audit,onsite
Internal Audit Consultant,Deloitte Israel,Tel Aviv,2026-06-07,https://careers.deloitte.co.il/position/17-165-en/,Audit,onsite
International Tax Consultant,Deloitte Israel,Tel Aviv,2026-06-07,https://careers.deloitte.co.il/position/54-36d-en/,Transfer Pricing,onsite
International Tax Manager,Deloitte Israel,Tel Aviv,2026-06-07,https://careers.deloitte.co.il/position/f3-765-en/,International Tax,onsite
iOS Developer,Deloitte Israel,Tel Aviv,2026-06-07,https://careers.deloitte.co.il/position/c6-86f-en/,Adobe,onsite
IT & Specialized Assurance Consultant,Deloitte Israel,Tel Aviv,2026-06-07,https://careers.deloitte.co.il/position/99-961-en/,Audit,onsite
IT & Specialized Assurance Manager,Deloitte Israel,Tel Aviv,2026-06-07,https://careers.deloitte.co.il/position/33-464-en/,Audit,onsite
IT Risk Management and SOC2 Consultant,Deloitte Israel,Tel Aviv,2026-06-07,https://careers.deloitte.co.il/position/89-751-en/,Risk Advisory,onsite
IT Risk Management Intern,Deloitte Israel,Tel Aviv,2026-06-07,https://careers.deloitte.co.il/position/73-856-en/,Audit - Intern,onsite
Join Deloitte - The World's Leading Consulting and Accounting Firm,Deloitte Israel,Tel Aviv,2026-06-07,https://careers.deloitte.co.il/position/d1-636-en/,Human Resources,onsite
Junior Internal Auditor (SOX) & Risk Management,Deloitte Israel,Tel Aviv,2026-06-07,https://careers.deloitte.co.il/position/3d-a6d-en/,Internal Audit,onsite
M&A Consultant,Deloitte Israel,Tel Aviv,2026-06-07,https://careers.deloitte.co.il/position/87-a58-en/,M&A,onsite
Manager – Security & Technology Risk Management and AI Assurance,Deloitte Israel,Tel Aviv,2026-06-07,https://careers.deloitte.co.il/position/43-a6d-en/,Audit,onsite
Observability Specialist,Deloitte Israel,Tel Aviv,2026-06-07,https://careers.deloitte.co.il/position/97-b55-en/,Human Capital,onsite
Offensive Security Team Leader,Deloitte Israel,Tel Aviv,2026-06-07,https://careers.deloitte.co.il/position/52-26b-en/,Cyber,onsite
Oracle Finance Expert,Deloitte Israel,Tel Aviv,2026-06-07,https://careers.deloitte.co.il/position/c2-04d-en/,Oracle,onsite
Oracle Implementer,Deloitte Israel,Tel Aviv,2026-06-07,https://careers.deloitte.co.il/position/90-852-en/,Oracle,onsite
Oversight Senior Consultant,Deloitte Israel,Tel Aviv,2026-06-07,https://careers.deloitte.co.il/position/1d-467-en/,Audit,onsite
QA Automation,Deloitte Israel,Tel Aviv,2026-06-07,https://careers.deloitte.co.il/position/2a-760-en/,Cloud,onsite
QA Automation,Deloitte Israel,Tel Aviv,2026-06-07,https://careers.deloitte.co.il/position/6e-b6a-en/,Adobe,onsite
SAC consultant,Deloitte Israel,Tel Aviv,2026-06-07,https://careers.deloitte.co.il/position/79-95d-en/,SAP,onsite
Salesforce Implementer,Deloitte Israel,Tel Aviv,2026-06-07,https://careers.deloitte.co.il/position/23-46e-en/,Salesforce,onsite
Salesforce Solution Architect,Deloitte Israel,Tel Aviv,2026-06-07,https://careers.deloitte.co.il/position/e4-85d-en/,Salesforce,onsite
Salesforce Technical Architect,Deloitte Israel,Tel Aviv,2026-06-07,https://careers.deloitte.co.il/position/19-b67-en/,Salesforce,onsite
SecOps Engineer,Deloitte Israel,Tel Aviv,2026-06-07,https://careers.deloitte.co.il/position/62-265-en/,Cyber,onsite
Security Operations & Compliance Lead,Deloitte Israel,Tel Aviv,2026-06-07,https://careers.deloitte.co.il/position/bc-762-en/,Cyber,onsite
Senior Backend Developer,Deloitte Israel,Tel Aviv,2026-06-07,https://careers.deloitte.co.il/position/1a-76a-en/,Cloud,onsite
Senior Backend Developer- R&D and Innovation Center,Deloitte Israel,Tel Aviv,2026-06-07,https://careers.deloitte.co.il/position/90-d55-en/,Data & AI,onsite
Senior cloud FinOps Engineer,Deloitte Israel,Tel Aviv,2026-06-07,https://careers.deloitte.co.il/position/52-269-en/,Cloud,onsite
Senior Manager Real Estate Tax,Deloitte Israel,Tel Aviv,2026-06-07,https://careers.deloitte.co.il/position/f5-168-en/,CPA,onsite
Strategy Consultant,Deloitte Israel,Tel Aviv,2026-06-07,https://careers.deloitte.co.il/position/59-b60-en/,Strategy Consulting,onsite
SuccessFactors Specialist,Deloitte Israel,Tel Aviv,2026-06-07,https://careers.deloitte.co.il/position/cc-262-en/,Human Capital,onsite
Tax Manager,Deloitte Israel,Tel Aviv,2026-06-07,https://careers.deloitte.co.il/position/ce-463-en/,International Tax,onsite
Tax professional Senior Manager,Deloitte Israel,Tel Aviv,2026-06-07,https://careers.deloitte.co.il/position/03-b67-en/,International Tax,onsite
Tax Professional Staff,Deloitte Israel,Tel Aviv,2026-06-07,https://careers.deloitte.co.il/position/2f-363-en/,International Tax,onsite
Technology Support,Deloitte Israel,Tel Aviv,2026-06-07,https://careers.deloitte.co.il/position/4d-b65-en/,IT,onsite
US Tax Manager,Deloitte Israel,Tel Aviv,2026-06-07,https://careers.deloitte.co.il/position/13-56b-en/,US Tax,onsite
יריד תעסוקה אוניברסיטת בן גוריון 19.5,Deloitte Israel,Tel Aviv,2026-06-07,https://careers.deloitte.co.il/position/a2-b63-en/,Human Resources,onsite
יריד תעסוקה אוניברסיטת בר אילן 27.5,Deloitte Israel,Tel Aviv,2026-06-07,https://careers.deloitte.co.il/position/3a-b61-en/,Human Resources,onsite
יריד תעסוקה האוניברסיטה העברית - 11.5,Deloitte Israel,Tel Aviv,2026-06-07,https://careers.deloitte.co.il/position/ec-a6a-en/,Human Resources,onsite
