title,company,location,date,url,department,workplace_type,position_type
"Senior Software Engineer, Database Operations",Aiven,Israel,2026-06-16,https://aiven.io/careers/job/4889244101?gh_jid=4889244101,,,
Growth Marketing Team Lead,AutoDS,Tel Aviv,2026-06-15,https://job-boards.greenhouse.io/autods/jobs/5230583008,,,
Social Media Manager,AutoDS,Tel aviv Israel,2026-05-27,https://job-boards.greenhouse.io/autods/jobs/5147036008,,,
Director of Global IT Ops,Axonius,Tel Aviv,2026-05-13,https://www.axonius.com/company/careers/open-jobs?gh_jid=7684085003,,,
Employee Experience Specialist- Temp role for 9 months,Axonius,Tel Aviv,2026-05-13,https://www.axonius.com/company/careers/open-jobs?gh_jid=7711683003,,,
Principal Full Stack Engineer,Axonius,Tel Aviv,2026-05-13,https://www.axonius.com/company/careers/open-jobs?gh_jid=7699687003,,,
Senior Data Infra Engineer,Axonius,Tel Aviv,2026-05-13,https://www.axonius.com/company/careers/open-jobs?gh_jid=7537524003,,,
Senior Product Security Architect,Axonius,Tel Aviv,2026-05-27,https://www.axonius.com/company/careers/open-jobs?gh_jid=7748661003,,,
Senior Software Engineer- Data Engineering,Axonius,Tel Aviv,2026-05-13,https://www.axonius.com/company/careers/open-jobs?gh_jid=7633981003,,,
"Manager I, Engineering - Live Debugging",Datadog,Tel Aviv,2026-06-11,https://careers.datadoghq.com/detail/7942079/?gh_jid=7942079,,,
Senior Backend Software Engineer - Product Analytics,Datadog,Tel Aviv,2026-06-11,https://careers.datadoghq.com/detail/7547361/?gh_jid=7547361,,,
Senior Software Engineer - AI Developer Workflows,Datadog,Tel Aviv,2026-06-11,https://careers.datadoghq.com/detail/7097751/?gh_jid=7097751,,,
Customer Architect,Elastic Technologies Israel,Israel,2026-06-11,https://jobs.elastic.co/jobs?gh_jid=7725620&gh_jid=7725620,,,
"Product Designer - Figma Weave (Tel Aviv, Israel)",Figma,Tel Aviv,2026-05-12,https://boards.greenhouse.io/figma/jobs/5991320004?gh_jid=5991320004,,,
"Software Engineer - Figma Weave (Tel Aviv, Israel) ",Figma,Tel Aviv,2026-06-17,https://boards.greenhouse.io/figma/jobs/6073106004?gh_jid=6073106004,,,
AI Secops Tech-lead,Fireblocks,Tel Aviv-Yafo,2026-06-16,https://www.fireblocks.com/careers/position/4655907006?gh_jid=4655907006,,,
"Business Operations Manager, Payments- Temp",Fireblocks,Tel Aviv-Yafo,2026-06-18,https://www.fireblocks.com/careers/position/4687951006?gh_jid=4687951006,,,
Data Analytics AI Engineer,Fireblocks,Tel Aviv-Yafo,2026-06-16,https://www.fireblocks.com/careers/position/4684983006?gh_jid=4684983006,,,
Incident Response Director,Fireblocks,Tel Aviv-Yafo,2026-06-16,https://www.fireblocks.com/careers/position/4664488006?gh_jid=4664488006,,,
Information Security Engineer,Fireblocks,Tel Aviv-Yafo,2026-06-17,https://www.fireblocks.com/careers/position/4616044006?gh_jid=4616044006,,,
Security Assurance Engineer,Fireblocks,Tel Aviv-Yafo,2026-06-16,https://www.fireblocks.com/careers/position/4678544006?gh_jid=4678544006,,,
Senior Backend Engineer,Fireblocks,Tel Aviv-Yafo,2026-06-16,https://www.fireblocks.com/careers/position/4674505006?gh_jid=4674505006,,,
"Senior Backend Engineer, Trusted Platform",Fireblocks,Tel Aviv-Yafo,2026-06-16,https://www.fireblocks.com/careers/position/4682123006?gh_jid=4682123006,,,
"Senior Backend Engineer, Yield",Fireblocks,Tel Aviv-Yafo,2026-06-16,https://www.fireblocks.com/careers/position/4681572006?gh_jid=4681572006,,,
"Senior Software Engineer, Transaction Security",Fireblocks,Tel Aviv-Yafo,2026-06-16,https://www.fireblocks.com/careers/position/4653827006?gh_jid=4653827006,,,
"Senior Software Engineer, Transaction Security",Fireblocks,Tel Aviv-Yafo,2026-06-16,https://www.fireblocks.com/careers/position/4674476006?gh_jid=4674476006,,,
"Software Engineer, Financial Services",Fireblocks,Tel Aviv-Yafo,2026-06-16,https://www.fireblocks.com/careers/position/4686977006?gh_jid=4686977006,,,
Software Engineer - Steller,Fireblocks,Tel Aviv-Yafo,2026-06-16,https://www.fireblocks.com/careers/position/4686962006?gh_jid=4686962006,,,
Technical Integration Engineer,Fireblocks,Tel Aviv-Yafo,2026-06-16,https://www.fireblocks.com/careers/position/4656817006?gh_jid=4656817006,,,
General Application (Israel) ,Forter,Israel - Tel Aviv,2026-03-12,https://job-boards.greenhouse.io/forter/jobs/6349983002,,,
Senior Applied AI Engineer,Forter,Israel - Tel Aviv,2026-06-09,https://job-boards.greenhouse.io/forter/jobs/8486825002,,,
Senior Deal Strategist,Forter,Israel - Tel Aviv,2026-06-14,https://job-boards.greenhouse.io/forter/jobs/8298494002,,,
"Senior Software Engineer , AI",Forter,Israel - Tel Aviv,2026-06-09,https://job-boards.greenhouse.io/forter/jobs/8299310002,,,
"Senior Software Engineer, Billing",Forter,Israel - Tel Aviv,2026-05-17,https://job-boards.greenhouse.io/forter/jobs/8547143002,,,
"Senior Software Engineer, Disputes ",Forter,Israel - Tel Aviv,2026-06-04,https://job-boards.greenhouse.io/forter/jobs/8400151002,,,
Senior Software Engineer II – Engine Dynamics,Forter,Israel - Tel Aviv,2026-05-31,https://job-boards.greenhouse.io/forter/jobs/8568220002,,,
"Senior Software Engineer II, Payments ",Forter,Israel - Tel Aviv,2026-06-15,https://job-boards.greenhouse.io/forter/jobs/8591137002,,,
"Senior Software Engineer ll, Decision Engineering",Forter,Israel - Tel Aviv,2026-06-09,https://job-boards.greenhouse.io/forter/jobs/8578429002,,,
"Senior Software Engineer ll – Platform & AI, Customer Experience",Forter,Israel - Tel Aviv,2026-05-12,https://job-boards.greenhouse.io/forter/jobs/8289641002,,,
Senior Sr. Full Stack Engineer II - CX Offering,Forter,Israel - Tel Aviv,2026-06-11,https://job-boards.greenhouse.io/forter/jobs/8534195002,,,
"Staff Engineer, Payments ",Forter,Israel - Tel Aviv,2026-04-09,https://job-boards.greenhouse.io/forter/jobs/8457044002,,,
"Director, Product/R&D Strategic Finance (FP&A)",Gong,Tel Aviv,2026-03-26,https://job-boards.greenhouse.io/gongio/jobs/4643667006,,,
Engineering Team Lead - Application Infrastructure,Gong,Tel Aviv,2026-03-26,https://job-boards.greenhouse.io/gongio/jobs/4628626006,,,
Head of AI Security,Gong,Tel Aviv,2026-05-28,https://job-boards.greenhouse.io/gongio/jobs/4672107006,,,
"R&D, Manager - AI Agentic Frameworks",Gong,Tel Aviv,2026-06-08,https://job-boards.greenhouse.io/gongio/jobs/4666594006,,,
Senior AI Infrastructure Engineer ,Gong,Tel Aviv,2026-06-14,https://job-boards.greenhouse.io/gongio/jobs/4684943006,,,
Senior Backend Engineer,Gong,Tel Aviv,2026-04-16,https://job-boards.greenhouse.io/gongio/jobs/4616697006,,,
Senior Backend Engineer (Python),Gong,Tel Aviv,2026-05-31,https://job-boards.greenhouse.io/gongio/jobs/4676482006,,,
Senior DevOps Engineer,Gong,Tel Aviv,2026-06-11,https://job-boards.greenhouse.io/gongio/jobs/4668077006,,,
Senior Director of Platform Security,Gong,Tel Aviv,2026-05-28,https://job-boards.greenhouse.io/gongio/jobs/4672099006,,,
Senior Product Analyst,Gong,Tel Aviv,2026-06-04,https://job-boards.greenhouse.io/gongio/jobs/4660218006,,,
Senior Product Content Writer,Gong,Tel Aviv,2026-06-19,https://job-boards.greenhouse.io/gongio/jobs/4635841006,,,
Senior Product Designer,Gong,Tel Aviv,2026-05-25,https://job-boards.greenhouse.io/gongio/jobs/4680480006,,,
Senior Product Security Architect,Gong,Tel Aviv,2026-05-28,https://job-boards.greenhouse.io/gongio/jobs/4670235006,,,
Senior SRE Engineer,Gong,Tel Aviv,2026-06-14,https://job-boards.greenhouse.io/gongio/jobs/4673075006,,,
Senior Technical Sourcer,Gong,Tel Aviv,2026-03-31,https://job-boards.greenhouse.io/gongio/jobs/4665782006,,,
Software Architect - DevOps Group,Gong,Tel Aviv,2026-06-08,https://job-boards.greenhouse.io/gongio/jobs/4668071006,,,
"Staff Analyst, Engineering Excellence",Gong,Tel Aviv,2026-06-15,https://job-boards.greenhouse.io/gongio/jobs/4655463006,,,
Staff Backend Engineer,Gong,Tel Aviv,2026-03-26,https://job-boards.greenhouse.io/gongio/jobs/4580054006,,,
AI Cloud Architect,JFrog,Tel Aviv/ Netanya,2026-06-16,https://join.jfrog.com/job/?job=7818160&gh_jid=7818160,,,
Application Security Team Lead,JFrog,Tel Aviv/ Netanya,2026-06-14,https://join.jfrog.com/job/?job=6954305&gh_jid=6954305,,,
Business Development Representative - German Speaker,JFrog,Tel Aviv/ Netanya,2026-06-14,https://join.jfrog.com/job/?job=7694707&gh_jid=7694707,,,
CTO AI Lab Architect,JFrog,Tel Aviv/ Netanya,2026-06-14,https://join.jfrog.com/job/?job=7935939&gh_jid=7935939,,,
Developer Advocate,JFrog,Tel Aviv/ Netanya,2026-06-14,https://join.jfrog.com/job/?job=7434101&gh_jid=7434101,,,
Developer Support Engineer,JFrog,Tel Aviv/ Netanya,2026-06-14,https://join.jfrog.com/job/?job=7563041&gh_jid=7563041,,,
Director of AI Engineering,JFrog,Tel Aviv/ Netanya,2026-06-14,https://join.jfrog.com/job/?job=7625966&gh_jid=7625966,,,
" Director of Product, AI",JFrog,Tel Aviv/ Netanya,2026-06-14,https://join.jfrog.com/job/?job=7547485&gh_jid=7547485,,,
Director of Product Management - Artifactory,JFrog,Tel Aviv/ Netanya,2026-06-18,https://join.jfrog.com/job/?job=6861996&gh_jid=6861996,,,
GenAI & Competitive Intelligence Engineer   ,JFrog,Tel Aviv/ Netanya,2026-06-14,https://join.jfrog.com/job/?job=7939091&gh_jid=7939091,,,
IT Field Technician - Temp Position,JFrog,Tel Aviv/ Netanya,2026-06-14,https://join.jfrog.com/job/?job=7993007&gh_jid=7993007,,,
 IT Specialist,JFrog,Tel Aviv/ Netanya,2026-06-17,https://join.jfrog.com/job/?job=7988127&gh_jid=7988127,,,
Malware Researcher,JFrog,Tel Aviv/ Netanya,2026-06-15,https://join.jfrog.com/job/?job=7996600&gh_jid=7996600,,,
Offensive Security Team Lead,JFrog,Tel Aviv/ Netanya,2026-06-14,https://join.jfrog.com/job/?job=7541161&gh_jid=7541161,,,
Operation Coordinator - Netanya Site,JFrog,Tel Aviv/ Netanya,2026-06-14,https://join.jfrog.com/job/?job=7645941&gh_jid=7645941,,,
Principal Product Manager,JFrog,Tel Aviv/ Netanya,2026-06-14,https://join.jfrog.com/job/?job=7461910&gh_jid=7461910,,,
Product Marketing Manager - Temporary Position,JFrog,Tel Aviv/ Netanya,2026-06-14,https://join.jfrog.com/job/?job=7861892&gh_jid=7861892,,,
Professional Services DevOps Architect,JFrog,Tel Aviv/ Netanya,2026-06-14,https://join.jfrog.com/job/?job=7959680&gh_jid=7959680,,,
Professional Services DevOps Engineer,JFrog,Tel Aviv,2026-06-14,https://join.jfrog.com/job/?job=7597649&gh_jid=7597649,,,
Program Manager - NPI,JFrog,Tel Aviv/ Netanya,2026-06-14,https://join.jfrog.com/job/?job=7418297&gh_jid=7418297,,,
 R&D Team Lead ,JFrog,Tel Aviv/ Netanya,2026-06-14,https://join.jfrog.com/job/?job=7419121&gh_jid=7419121,,,
R&D Team Lead -JFrog Security,JFrog,Tel Aviv/ Netanya,2026-06-15,https://join.jfrog.com/job/?job=7920898&gh_jid=7920898,,,
SecOps Team Lead,JFrog,Tel Aviv/ Netanya,2026-06-14,https://join.jfrog.com/job/?job=7541181&gh_jid=7541181,,,
Security Solution Architect,JFrog,Netanya/Tel Aviv,2026-06-14,https://join.jfrog.com/job/?job=7809710&gh_jid=7809710,,,
Senior Customer Retention Account Manager,JFrog,tel aviv,2026-06-14,https://join.jfrog.com/job/?job=7946222&gh_jid=7946222,,,
Senior Director of Engineering - Developer Experience,JFrog,Tel Aviv/ Netanya,2026-06-14,https://join.jfrog.com/job/?job=7451337&gh_jid=7451337,,,
Senior Product Designer ,JFrog,Tel Aviv/ Netanya,2026-06-14,https://join.jfrog.com/job/?job=7869812&gh_jid=7869812,,,
"Senior Product Manager, AI-Native Security",JFrog,Tel Aviv/ Netanya,2026-06-14,https://join.jfrog.com/job/?job=7827996&gh_jid=7827996,,,
Senior Product Manager – Growth,JFrog,Tel Aviv/ Netanya,2026-06-15,https://join.jfrog.com/job/?job=7821360&gh_jid=7821360,,,
Senior Product Manager - JFrog Security ,JFrog,Tel Aviv/ Netanya,2026-06-14,https://join.jfrog.com/job/?job=7657193&gh_jid=7657193,,,
Senior Software Engineer,JFrog,Tel Aviv/ Netanya,2026-06-14,https://join.jfrog.com/job/?job=7510102&gh_jid=7510102,,,
Site Reliability Engineer,JFrog,Tel Aviv/ Netanya,2026-06-16,https://join.jfrog.com/job/?job=7957880&gh_jid=7957880,,,
SMB Account Manager,JFrog,Tel Aviv/ Netanya,2026-06-14,https://join.jfrog.com/job/?job=7764811&gh_jid=7764811,,,
Software Engineer,JFrog,Tel Aviv/ Netanya,2026-06-14,https://join.jfrog.com/job/?job=7275887&gh_jid=7275887,,,
Solutions Engineer,JFrog,Tel Aviv/ Netanya,2026-06-14,https://join.jfrog.com/job/?job=7920636&gh_jid=7920636,,,
Technical Success Manager,JFrog,Tel Aviv/ Netanya,2026-06-17,https://join.jfrog.com/job/?job=7483387&gh_jid=7483387,,,
Creative Marketing & Motion Designer,Lightricks,Jerusalem,2026-06-10,https://careers.lightricks.com/position?gh_jid=8540048002&gh_jid=8540048002,,,
Data Scientist- Machine Learning & AI,Lightricks,Jerusalem,2026-06-18,https://careers.lightricks.com/position?gh_jid=8557860002&gh_jid=8557860002,,,
"Research Scientist - Audiovisual Generation, Model Foundations",Lightricks,Jerusalem,2026-06-11,https://careers.lightricks.com/position?gh_jid=7654864002&gh_jid=7654864002,,,
"Research Scientist - Audiovisual Understanding, Model Foundations",Lightricks,Jerusalem,2026-06-11,https://careers.lightricks.com/position?gh_jid=8399749002&gh_jid=8399749002,,,
Research Scientist - LTX Model Applications,Lightricks,Jerusalem,2026-06-11,https://careers.lightricks.com/position?gh_jid=8439227002&gh_jid=8439227002,,,
Research Scientist – LTX Model Evaluation,Lightricks,Jerusalem,2026-06-11,https://careers.lightricks.com/position?gh_jid=8392230002&gh_jid=8392230002,,,
Security Guard ,Lightricks,Jerusalem,2026-06-17,https://careers.lightricks.com/position?gh_jid=7069923002&gh_jid=7069923002,,,
Senior Talent Acquisition Partner - R&D,Lightricks,Jerusalem,2026-06-10,https://careers.lightricks.com/position?gh_jid=8576517002&gh_jid=8576517002,,,
AI Engineer ,Mixtiles,Tel-Aviv,2026-05-25,https://www.mixtiles.com/positions/8012184002?gh_jid=8012184002,,,
Algorithms Engineer – Computer Vision & AI (Applied Research),Mixtiles,Tel-Aviv,2026-02-16,https://www.mixtiles.com/positions/8413022002?gh_jid=8413022002,,,
Data Executive,Mixtiles,Tel-Aviv,2026-06-17,https://www.mixtiles.com/positions/7706697002?gh_jid=7706697002,,,
"Director, Product & Revenue",Mixtiles,Tel-Aviv,2026-06-17,https://www.mixtiles.com/positions/8093621002?gh_jid=8093621002,,,
"Engineering Lead, easyplant",Mixtiles,Tel-Aviv,2026-02-04,https://www.mixtiles.com/positions/8403536002?gh_jid=8403536002,,,
"Engineering Manager, Oasis",Mixtiles,Tel-Aviv,2026-05-27,https://www.mixtiles.com/positions/8542310002?gh_jid=8542310002,,,
Legal Partner,Mixtiles,Tel-Aviv,2026-05-12,https://www.mixtiles.com/positions/8327060002?gh_jid=8327060002,,,
Senior Full Stack Engineer,Mixtiles,Tel-Aviv,2025-08-07,https://www.mixtiles.com/positions/5315164002?gh_jid=5315164002,,,
Senior iOS Software Engineer,Mixtiles,Tel-Aviv,2026-02-11,https://www.mixtiles.com/positions/6918572002?gh_jid=6918572002,,,
Senior QA Engineer,Mixtiles,Tel-Aviv,2026-02-15,https://www.mixtiles.com/positions/8380113002?gh_jid=8380113002,,,
 Senior Backend Engineer ,Navan,Tel-Aviv,2026-05-21,https://navan.com/careers/openings?gh_jid=7896398,,,
Senior Creative Copywriter,Navan,Tel-Aviv,2026-05-21,https://navan.com/careers/openings?gh_jid=7775418,,,
Senior FullStack Android Engineer,Navan,Tel-Aviv,2026-05-21,https://navan.com/careers/openings?gh_jid=7603880,,,
Senior Full Stack Engineer,Navan,Tel-Aviv,2026-05-21,https://navan.com/careers/openings?gh_jid=7874429,,,
Senior Fullstack Engineer - AVA,Navan,Tel-Aviv,2026-05-21,https://navan.com/careers/openings?gh_jid=7724852,,,
 Senior FullStack IOS Engineer ,Navan,Tel-Aviv,2026-05-21,https://navan.com/careers/openings?gh_jid=7603881,,,
Senior Machine Learning Engineer- LLMs & Self-Hosted AI,Navan,Tel-Aviv,2026-06-10,https://navan.com/careers/openings?gh_jid=7783027,,,
Senior Product Analyst,Navan,Tel-Aviv,2026-05-21,https://navan.com/careers/openings?gh_jid=7894508,,,
Senior Product Marketing Manager,Navan,Tel-Aviv,2026-05-21,https://navan.com/careers/openings?gh_jid=7775417,,,
Senior Software Engineer,Navan,Tel-Aviv,2026-05-24,https://navan.com/careers/openings?gh_jid=7896395,,,
Staff Software Engineer,Navan,Tel-Aviv,2026-06-18,https://navan.com/careers/openings?gh_jid=7858024,,,
Travel Experience Agent,Navan,Tel-Aviv,2026-05-21,https://navan.com/careers/openings?gh_jid=7496460,,,
User Acquisition Manager ,Navan,Tel-Aviv,2026-05-21,https://navan.com/careers/openings?gh_jid=7549298,,,
Head of Research,Orca Security,Tel Aviv-Yafo,2026-04-16,https://orca.security/about/careers/5780979004?gh_jid=5780979004,,,
Senior Software Engineer ,Orca Security,Tel Aviv-Yafo,2026-06-11,https://orca.security/about/careers/5263129004?gh_jid=5263129004,,,
AI Lead   ,Pagaya,Tel Aviv,2026-06-11,https://job-boards.greenhouse.io/pagayais/jobs/7734302003,,,
AI Solution Manager,Pagaya,Tel Aviv,2026-06-10,https://job-boards.greenhouse.io/pagayais/jobs/7736824003,,,
Assistant Controller,Pagaya,Tel Aviv,2026-05-18,https://job-boards.greenhouse.io/pagayais/jobs/7737508003,,,
Data Science Group Lead,Pagaya,Tel Aviv,2026-04-13,https://job-boards.greenhouse.io/pagayais/jobs/7667230003,,,
Director of Procurement,Pagaya,Tel Aviv,2026-06-11,https://job-boards.greenhouse.io/pagayais/jobs/7770197003,,,
Help Desk- Parental Leave Replacement,Pagaya,Tel Aviv,2026-05-24,https://job-boards.greenhouse.io/pagayais/jobs/7747498003,,,
Lead Data Scientist,Pagaya,Tel Aviv,2026-05-13,https://job-boards.greenhouse.io/pagayais/jobs/7720946003,,,
Legal Counsel,Pagaya,Tel Aviv,2026-05-05,https://job-boards.greenhouse.io/pagayais/jobs/7724324003,,,
Principal Data Scientist,Pagaya,Tel Aviv,2026-05-13,https://job-boards.greenhouse.io/pagayais/jobs/7733045003,,,
Recruiting Partner (Maternity leave),Pagaya,Tel Aviv,2026-06-09,https://job-boards.greenhouse.io/pagayais/jobs/7766876003,,,
Research Director,Pagaya,Tel Aviv,2026-04-27,https://job-boards.greenhouse.io/pagayais/jobs/7714776003,,,
Senior DevOps Engineer,Pagaya,Tel Aviv,2026-04-13,https://job-boards.greenhouse.io/pagayais/jobs/7501813003,,,
Senior Executive Assistant ,Pagaya,Tel Aviv,2026-05-28,https://job-boards.greenhouse.io/pagayais/jobs/7751116003,,,
Senior HR Business Partner (HRBP),Pagaya,Tel Aviv,2026-06-04,https://job-boards.greenhouse.io/pagayais/jobs/7763481003,,,
Senior Product Manager,Pagaya,Tel Aviv,2026-05-12,https://job-boards.greenhouse.io/pagayais/jobs/7731816003,,,
Senior Software Engineer,Pagaya,Tel Aviv,2026-04-13,https://job-boards.greenhouse.io/pagayais/jobs/6087076003,,,
Software Engineer- Data Platform ,Pagaya,Tel Aviv,2026-04-24,https://job-boards.greenhouse.io/pagayais/jobs/7712850003,,,
Software Tech Lead,Pagaya,Tel Aviv,2026-04-13,https://job-boards.greenhouse.io/pagayais/jobs/6647520003,,,
Team Lead Data Scientist,Pagaya,Tel Aviv,2026-05-13,https://job-boards.greenhouse.io/pagayais/jobs/7589574003,,,
AI-Native Engineer,Payoneer,Herzliya,2026-06-18,https://www.payoneer.com/careers/position/8007296/?gh_jid=8007296,,,
Compliance Excellence Manager,Payoneer,Herzliya,2026-06-16,https://www.payoneer.com/careers/position/7811574/?gh_jid=7811574,,,
Senior AI-Native Backend Developer,Payoneer,Herzliya,2026-06-18,https://www.payoneer.com/careers/position/7925941/?gh_jid=7925941,,,
Senior AI-Native Engineer,Payoneer,Herzliya,2026-06-16,https://www.payoneer.com/careers/position/7925943/?gh_jid=7925943,,,
Senior Backend Engineer-Cloud Modernization,Payoneer,Herzliya,2026-06-18,https://www.payoneer.com/careers/position/7955750/?gh_jid=7955750,,,
Senior Product Manager  ,Payoneer,Herzliya,2026-06-15,https://www.payoneer.com/careers/position/3999096/?gh_jid=3999096,,,
Team Leader - Cloud Modernization,Payoneer,Herzliya,2026-06-17,https://www.payoneer.com/careers/position/7709733/?gh_jid=7709733,,,
"Team Lead, Pricing & Packaging",Payoneer,Herzliya,2026-06-16,https://www.payoneer.com/careers/position/7709761/?gh_jid=7709761,,,
Workforce Strategy & Planning Manager,Payoneer,Herzliya,2026-06-15,https://www.payoneer.com/careers/position/7985025/?gh_jid=7985025,,,
Big Data Engineer,Placer.ai,Ramat Gan,2026-05-09,https://placer.ai/company/we-are-hiring/?gh_jid=7720617003,,,
Marketing Associate,Placer.ai,Ramat Gan,2026-04-15,https://placer.ai/company/we-are-hiring/?gh_jid=7701842003,,,
Security Analyst- Maternity Leave Coverage,Placer.ai,Ramat Gan,2026-06-15,https://placer.ai/company/we-are-hiring/?gh_jid=7730107003,,,maternity_cover
Senior Backend Engineer ,Placer.ai,Ramat Gan,2026-05-09,https://placer.ai/company/we-are-hiring/?gh_jid=7728251003,,,
Applied AI Engineer ,Riskified,Tel Aviv,2026-05-20,https://www.riskified.com/careers/job-description/?gh_jid=8539588002,,,
Data Science Team Lead ,Riskified,Tel Aviv,2026-05-06,https://www.riskified.com/careers/job-description/?gh_jid=8487227002,,,
DevSecOps Engineer,Riskified,Tel Aviv,2026-06-11,https://www.riskified.com/careers/job-description/?gh_jid=8587301002,,,
FP&A Analyst ,Riskified,Tel Aviv,2026-05-28,https://www.riskified.com/careers/job-description/?gh_jid=8549746002,,,
General Manager Product Management,Riskified,Tel Aviv,2026-05-10,https://www.riskified.com/careers/job-description/?gh_jid=8415347002,,,
Payroll Accountant,Riskified,Tel Aviv,2026-05-18,https://www.riskified.com/careers/job-description/?gh_jid=8554441002,,,
Payroll Assistant,Riskified,Tel Aviv,2026-05-14,https://www.riskified.com/careers/job-description/?gh_jid=8524466002,,,
Product Manager (Policy Protect),Riskified,Tel Aviv,2026-06-15,https://www.riskified.com/careers/job-description/?gh_jid=8591836002,,,
Senior AI Engineer,Riskified,Tel Aviv,2026-06-01,https://www.riskified.com/careers/job-description/?gh_jid=8557693002,,,
AI Engineer,SimilarWeb,Tel Aviv-Yafo,2026-04-29,https://job-boards.greenhouse.io/similarweb/jobs/7556263,,,
Big Data Analyst,SimilarWeb,Tel Aviv-Yafo,2026-05-03,https://job-boards.greenhouse.io/similarweb/jobs/6897277,,,
Core Data - Big Data Engineer,SimilarWeb,Tel Aviv,2026-06-01,https://job-boards.greenhouse.io/similarweb/jobs/7972320,,,
 Data Engineer,SimilarWeb,Tel Aviv-Yafo,2026-04-29,https://job-boards.greenhouse.io/similarweb/jobs/7556162,,,
Data Scientist ,SimilarWeb,Tel Aviv-Yafo,2026-04-29,https://job-boards.greenhouse.io/similarweb/jobs/6829705,,,
"Director, Revenue Operations",SimilarWeb,Tel Aviv,2026-04-29,https://job-boards.greenhouse.io/similarweb/jobs/7603836,,,
Global Talent Acquisition Specialist,SimilarWeb,Tel Aviv,2026-06-02,https://job-boards.greenhouse.io/similarweb/jobs/7899131,,,
Helpdesk Specialist,SimilarWeb,Tel Aviv-Yafo,2026-06-09,https://job-boards.greenhouse.io/similarweb/jobs/7988656,,,
HR Generalist,SimilarWeb,Tel Aviv,2026-05-24,https://job-boards.greenhouse.io/similarweb/jobs/7924821,,,
HR Information Systems Manager,SimilarWeb,Tel Aviv-Yafo,2026-06-14,https://job-boards.greenhouse.io/similarweb/jobs/8006825,,,
Integration Engineer,SimilarWeb,Tel Aviv-Yafo,2026-06-08,https://job-boards.greenhouse.io/similarweb/jobs/7621676,,,
NetSuite & Financial Applications Specialist,SimilarWeb,Tel Aviv-Yafo,2026-04-29,https://job-boards.greenhouse.io/similarweb/jobs/7764782,,,
Product Analyst,SimilarWeb,Tel Aviv,2026-04-29,https://job-boards.greenhouse.io/similarweb/jobs/7548388,,,
Product Data Scientist (Customer-facing),SimilarWeb,Tel Aviv-Yafo,2026-06-02,https://job-boards.greenhouse.io/similarweb/jobs/7971236,,,
Production Engineer,SimilarWeb,Tel Aviv,2026-05-18,https://job-boards.greenhouse.io/similarweb/jobs/7938197,,,
Product Marketing Manager,SimilarWeb,tel aviv,2026-05-18,https://job-boards.greenhouse.io/similarweb/jobs/7938128,,,
Sales Manager,SimilarWeb,Tel Aviv-Yafo,2026-05-05,https://job-boards.greenhouse.io/similarweb/jobs/7894254,,,
Senior AI Product Manager - Sales Intelligence ,SimilarWeb,Tel Aviv,2026-05-12,https://job-boards.greenhouse.io/similarweb/jobs/7571788,,,
"Senior Backend Engineer, Platform Foundations",SimilarWeb,Tel Aviv,2026-05-28,https://job-boards.greenhouse.io/similarweb/jobs/7962665,,,
Senior Cybersecurity Engineer,SimilarWeb,Tel Aviv,2026-06-09,https://job-boards.greenhouse.io/similarweb/jobs/7992665,,,
 Senior Data Engineer ( Data Collection),SimilarWeb,Tel Aviv-Yafo,2026-05-10,https://job-boards.greenhouse.io/similarweb/jobs/7911963,,,
Senior Data Product Manager- Retail Intelligence,SimilarWeb,Tel Aviv,2026-04-29,https://job-boards.greenhouse.io/similarweb/jobs/7508300,,,
"Senior Full Stack Engineer (Frontend-Oriented, AI-First Product Team)",SimilarWeb,Tel Aviv,2026-06-09,https://job-boards.greenhouse.io/similarweb/jobs/7992049,,,
Senior Marketing Operations Manager ,SimilarWeb,Tel Aviv,2026-04-27,https://job-boards.greenhouse.io/similarweb/jobs/7854902,,,
Senior Post-Merger Integration Manager,SimilarWeb,Tel Aviv,2026-04-29,https://job-boards.greenhouse.io/similarweb/jobs/7764779,,,
 Social Growth & Community Builder (B2C) ,SimilarWeb,Tel Aviv,2026-04-29,https://job-boards.greenhouse.io/similarweb/jobs/7528931,,,
Software Engineer - Innovation team,SimilarWeb,Tel Aviv,2026-05-05,https://job-boards.greenhouse.io/similarweb/jobs/7869897,,,
User Acquisition Manager,SimilarWeb,Tel Aviv-Yafo,2026-06-16,https://job-boards.greenhouse.io/similarweb/jobs/8009523,,,
AI Engineer - AI Agents Team,Surf AI,Tel Aviv,2026-01-28,https://job-boards.eu.greenhouse.io/surfai/jobs/4704150101,,,
Senior Data Scientist - AI Agents Team,Surf AI,Tel Aviv,2026-01-28,https://job-boards.eu.greenhouse.io/surfai/jobs/4704149101,,,
Senior Product Manager,Surf AI,Tel Aviv,2026-04-26,https://job-boards.eu.greenhouse.io/surfai/jobs/4745920101,,,
Senior Software Engineer - Insight OS Team,Surf AI,Tel Aviv,2026-02-19,https://job-boards.eu.greenhouse.io/surfai/jobs/4567480101,,,
Backend Engineer,Sweet Security,Tel-Aviv,2026-06-09,https://job-boards.eu.greenhouse.io/sweetsecurity/jobs/4890991101,,,
Head of Brand,Sweet Security,Tel-Aviv,2026-06-10,https://job-boards.eu.greenhouse.io/sweetsecurity/jobs/4890973101,,,
Product Manager ,Sweet Security,Tel-Aviv,2026-06-09,https://job-boards.eu.greenhouse.io/sweetsecurity/jobs/4890994101,,,
Advertising Sales Manager - Israel Enterprise Domestic Market,Taboola,Tel Aviv,2026-05-18,https://www.taboola.com/careers/job/7646057?gh_jid=7646057,,,
Assistant Corporate Controller,Taboola,Tel Aviv,2026-05-18,https://www.taboola.com/careers/job/7845371?gh_jid=7845371,,,
Data Platform Engineering Team Leader,Taboola,Tel Aviv,2026-06-18,https://www.taboola.com/careers/job/7903597?gh_jid=7903597,,,
"Field Marketing Manager, Growth",Taboola,Tel Aviv,2026-06-02,https://www.taboola.com/careers/job/7941894?gh_jid=7941894,,,
Head of Product,Taboola,Tel Aviv,2026-05-18,https://www.taboola.com/careers/job/7695161?gh_jid=7695161,,,
HR Business Partner,Taboola,Tel Aviv,2026-06-18,https://www.taboola.com/careers/job/7839082?gh_jid=7839082,,,
HR Business Partner - Temporary role for 12 months,Taboola,Tel Aviv,2026-06-14,https://www.taboola.com/careers/job/7976042?gh_jid=7976042,,,
Italian Content Reviewer,Taboola,Israel,2026-05-18,https://www.taboola.com/careers/job/7779523?gh_jid=7779523,,,
Marketing Communications Manager,Taboola,Tel Aviv,2026-06-07,https://www.taboola.com/careers/job/7941892?gh_jid=7941892,,,
Product Designer-  Maternity leave replacement,Taboola,Tel Aviv,2026-05-19,https://www.taboola.com/careers/job/7904056?gh_jid=7904056,,,maternity_cover
Programmatic Account Manager,Taboola,Tel Aviv,2026-06-16,https://www.taboola.com/careers/job/8009550?gh_jid=8009550,,,
Programmatic Account Manager- Temporary position,Taboola,Tel Aviv,2026-06-10,https://www.taboola.com/careers/job/7955535?gh_jid=7955535,,,
Salesforce & GenAI Builder,Taboola,Tel Aviv,2026-06-11,https://www.taboola.com/careers/job/7989353?gh_jid=7989353,,,
Senior Backend Engineer,Taboola,Tel Aviv,2026-05-18,https://www.taboola.com/careers/job/5791961?gh_jid=5791961,,,
Senior Global Treasury Manager,Taboola,Tel Aviv,2026-06-04,https://www.taboola.com/careers/job/7978763?gh_jid=7978763,,,
Senior HRBP - Global Growth Sales & Internal Ops,Taboola,Tel Aviv,2026-06-14,https://www.taboola.com/careers/job/8006861?gh_jid=8006861,,,internship
Senior HRBP - Marketing & Finance,Taboola,Tel Aviv,2026-06-14,https://www.taboola.com/careers/job/7316619?gh_jid=7316619,,,
Senior Monetization Manager- Maternity leave replacement,Taboola,Tel Aviv,2026-05-18,https://www.taboola.com/careers/job/7917860?gh_jid=7917860,,,maternity_cover
Senior Product Manager,Taboola,Tel Aviv,2026-06-18,https://www.taboola.com/careers/job/7609918?gh_jid=7609918,,,
Senior Product Manager- Attribution & Incrementality,Taboola,Tel Aviv,2026-06-05,https://www.taboola.com/careers/job/7704034?gh_jid=7704034,,,
Senior Software Engineer,Taboola,Tel Aviv,2026-05-18,https://www.taboola.com/careers/job/7574404?gh_jid=7574404,,,
"Senior Software Engineer, Infrastructure",Taboola,Tel Aviv,2026-05-18,https://www.taboola.com/careers/job/3352797?gh_jid=3352797,,,
Software Development Team Leader – Production Engineering,Taboola,Tel Aviv,2026-05-28,https://www.taboola.com/careers/job/7903594?gh_jid=7903594,,,
Sr. Talent Acquisition Business Partner,Taboola,Tel Aviv,2026-06-09,https://www.taboola.com/careers/job/7975988?gh_jid=7975988,,,
Chief Of Staff - Office of the CTO,Tenable,Israel - Office - Tel Aviv,2026-06-10,https://job-boards.greenhouse.io/tenableinc/jobs/5226457008,,,
Full stack - Analytics,Tenable,Israel - Office - Tel Aviv,2026-06-16,https://job-boards.greenhouse.io/tenableinc/jobs/5101853008,,,
"Fullstack Engineer (Frontend Oriented, Angular) – OT",Tenable,Israel - Office - Tel Aviv,2026-06-19,https://job-boards.greenhouse.io/tenableinc/jobs/5066190008,,,
Full Stack Engineer - Integrations Frameworks,Tenable,Israel - Office - Tel Aviv,2026-05-28,https://job-boards.greenhouse.io/tenableinc/jobs/5217056008,,,
Product Engineering - Future Opportunities,Tenable,Maryland HQ + Boston Office + California - Remote - Bay Area + Ireland - Office - Dublin + Israel - Office - Tel-Aviv,2026-05-12,https://job-boards.greenhouse.io/tenableinc/jobs/4019356008,,Remote,
Product Manager - AI Exposure,Tenable,Israel - Office - Tel Aviv,2026-05-28,https://job-boards.greenhouse.io/tenableinc/jobs/5171076008,,,
Senior Product Manager - Tenable One,Tenable,Israel - Office - Tel Aviv,2026-05-28,https://job-boards.greenhouse.io/tenableinc/jobs/5212667008,,,
Senior Software Engineer - Cloud Security,Tenable,Israel - Office - Tel Aviv,2026-05-28,https://job-boards.greenhouse.io/tenableinc/jobs/5152278008,,,
Senior Software Engineer - OT,Tenable,Israel - Office - Tel Aviv,2026-05-28,https://job-boards.greenhouse.io/tenableinc/jobs/5114162008,,,
Software Engineer In Test,Tenable,Israel - Office - Tel Aviv,2026-06-18,https://job-boards.greenhouse.io/tenableinc/jobs/5269676008,,,
Software Engineer In Test - Tenable OT,Tenable,Israel - Office - Tel Aviv,2026-06-11,https://job-boards.greenhouse.io/tenableinc/jobs/5252501008,,,
Staff Product Manager Cloud Threat Detection,Tenable,Israel - Office - Tel Aviv,2026-06-09,https://job-boards.greenhouse.io/tenableinc/jobs/5150588008,,,
Staff Software Engineer - Cloud Security,Tenable,Israel - Office - Tel Aviv,2026-06-16,https://job-boards.greenhouse.io/tenableinc/jobs/5171078008,,,
"Staff Software Engineer, Innovation - Office of the CTO",Tenable,Israel - Office - Tel Aviv,2026-06-10,https://job-boards.greenhouse.io/tenableinc/jobs/5210224008,,,
Staff Vulnerability Researcher - Office of the CTO,Tenable,Israel - Office - Tel Aviv,2026-05-28,https://job-boards.greenhouse.io/tenableinc/jobs/5132619008,,,
Test Automation Engineer - Cloud Security,Tenable,Israel - Office - Tel Aviv,2026-05-06,https://job-boards.greenhouse.io/tenableinc/jobs/5209327008,,,
Applied AI Scientist,Tipalti,Tel Aviv District,2026-06-13,https://tipalti.com/jobs/?gh_jid=6011644004,,,
Director of Product Management   ,Tipalti,Tel Aviv District,2026-05-22,https://tipalti.com/jobs/?gh_jid=5992996004,,,
Senior Product Manager,Tipalti,Tel Aviv District,2026-06-11,https://tipalti.com/jobs/?gh_jid=6016181004,,,
Senior QA Lead,Tipalti,Tel Aviv District,2026-05-22,https://tipalti.com/jobs/?gh_jid=5979838004,,,
Software Engineering Manager (SRE Team) - Hands-On,Tipalti,Tel Aviv District,2026-05-28,https://tipalti.com/jobs/?gh_jid=5988884004,,,
Staff Data Platform Engineer,Tipalti,Tel Aviv District,2026-06-02,https://tipalti.com/jobs/?gh_jid=6010957004,,,
Technical Support Engineer,Tipalti,Tel Aviv District,2026-05-22,https://tipalti.com/jobs/?gh_jid=5997635004,,,
Data Science & ML-Ops Team Lead,Transmit Security,Tel Aviv-Yafo,2026-06-09,https://www.transmitsecurity.com/about/careers/job?gh_jid=8539030002,,,
DevSecOps,Transmit Security,Tel Aviv-Yafo,2026-05-12,https://www.transmitsecurity.com/about/careers/job?gh_jid=8300354002,,,
Engineering Team Lead,Transmit Security,Tel Aviv-Yafo,2026-05-03,https://www.transmitsecurity.com/about/careers/job?gh_jid=7974762002,,,
GTM AI Engineer,Transmit Security,Tel Aviv-Yafo,2026-06-15,https://www.transmitsecurity.com/about/careers/job?gh_jid=8476655002,,,
IT Security Engineer,Transmit Security,Tel Aviv-Yafo,2026-04-26,https://www.transmitsecurity.com/about/careers/job?gh_jid=8524210002,,,
IT Specialist ,Transmit Security,Tel Aviv-Yafo,2026-05-03,https://www.transmitsecurity.com/about/careers/job?gh_jid=8533931002,,,
Security Architect,Transmit Security,Tel Aviv-Yafo,2026-02-23,https://www.transmitsecurity.com/about/careers/job?gh_jid=8427129002,,,
Security Research ,Transmit Security,Tel Aviv-Yafo,2026-05-13,https://www.transmitsecurity.com/about/careers/job?gh_jid=8423903002,,,
Senior Backend Engineer- Data Platform ,Transmit Security,Tel Aviv-Yafo,2026-05-06,https://www.transmitsecurity.com/about/careers/job?gh_jid=8533933002,,,
Senior Devops Engineer ,Transmit Security,Tel Aviv-Yafo,2026-01-07,https://www.transmitsecurity.com/about/careers/job?gh_jid=7945746002,,,
Senior Full Stack Engineer ,Transmit Security,Tel Aviv-Yafo,2026-05-03,https://www.transmitsecurity.com/about/careers/job?gh_jid=7763271002,,,
Senior Product Manager ,Transmit Security,Tel Aviv-Yafo,2026-06-17,https://www.transmitsecurity.com/about/careers/job?gh_jid=8583469002,,,
Account Executive Public & Defense Sector,Wiz,Tel Aviv,2026-05-14,https://www.wiz.io/careers/job/4603280006/:title?gh_jid=4603280006,,,
AI Security Researcher   ,Wiz,Tel Aviv,2026-05-17,https://www.wiz.io/careers/job/4681239006/:title?gh_jid=4681239006,,,
Application Engineer,Wiz,Tel Aviv,2026-05-14,https://www.wiz.io/careers/job/4613920006/:title?gh_jid=4613920006,,,
Assistant Revenue Controller,Wiz,Tel Aviv,2026-05-24,https://www.wiz.io/careers/job/4676471006/:title?gh_jid=4676471006,,,
Backend Engineer,Wiz,Tel Aviv,2026-05-14,https://www.wiz.io/careers/job/4615162006/:title?gh_jid=4615162006,,,
Brand & Data Visualization Designer,Wiz,Tel Aviv,2026-06-01,https://www.wiz.io/careers/job/4621708006/:title?gh_jid=4621708006,,,
Data Scientist Expert,Wiz,Tel Aviv,2026-05-14,https://www.wiz.io/careers/job/4621534006/:title?gh_jid=4621534006,,,
Detection Software Engineer,Wiz,Tel Aviv,2026-05-14,https://www.wiz.io/careers/job/4650548006/:title?gh_jid=4650548006,,,
DevOps Engineer,Wiz,Tel Aviv,2026-05-14,https://www.wiz.io/careers/job/4615172006/:title?gh_jid=4615172006,,,
Expert Backend Engineer,Wiz,Tel Aviv,2026-05-14,https://www.wiz.io/careers/job/4615211006/:title?gh_jid=4615211006,,,
Frontend Engineer,Wiz,Tel Aviv,2026-05-14,https://www.wiz.io/careers/job/4615218006/:title?gh_jid=4615218006,,,
IT Engineer,Wiz,Tel Aviv,2026-05-14,https://www.wiz.io/careers/job/4611995006/:title?gh_jid=4611995006,,,
"Partner Solutions Engineer, Israel ",Wiz,Tel Aviv,2026-06-17,https://www.wiz.io/careers/job/4686011006/:title?gh_jid=4686011006,,,
Pentest Product Associate,Wiz,Tel Aviv,2026-06-09,https://www.wiz.io/careers/job/4645081006/:title?gh_jid=4645081006,,,
Product Designer,Wiz,Tel Aviv,2026-05-14,https://www.wiz.io/careers/job/4599708006/:title?gh_jid=4599708006,,,
Revenue Controller,Wiz,Tel Aviv,2026-05-14,https://www.wiz.io/careers/job/4650047006/:title?gh_jid=4650047006,,,
Salesforce Developer,Wiz,Tel Aviv,2026-05-14,https://www.wiz.io/careers/job/4661068006/:title?gh_jid=4661068006,,,
Security Engineer ,Wiz,Tel Aviv,2026-05-14,https://www.wiz.io/careers/job/4422889006/:title?gh_jid=4422889006,,,
Site Reliability Engineer (SRE),Wiz,Tel Aviv,2026-05-14,https://www.wiz.io/careers/job/4004645006/:title?gh_jid=4004645006,,,
Talent Acquisition Partner ,Wiz,Tel Aviv,2026-05-14,https://www.wiz.io/careers/job/4622103006/:title?gh_jid=4622103006,,,
Technical Associate Product Manager,Wiz,Tel Aviv,2026-06-09,https://www.wiz.io/careers/job/4615170006/:title?gh_jid=4615170006,,,
Technical Project Manager,Wiz,Tel Aviv,2026-05-14,https://www.wiz.io/careers/job/4650468006/:title?gh_jid=4650468006,,,
Threat Detection Researcher (Cloud) ,Wiz,Tel Aviv,2026-05-14,https://www.wiz.io/careers/job/4566780006/:title?gh_jid=4566780006,,,
Threat Detection Researcher (Windows/Linux)   ,Wiz,Tel Aviv,2026-05-14,https://www.wiz.io/careers/job/4670481006/:title?gh_jid=4670481006,,,
Bookkeeper,Yotpo,Tel Aviv,2026-06-04,https://www.yotpo.com/careers/gid-7981929?gh_jid=7981929,,,
Senior Backend Engineer,Yotpo,Tel Aviv,2026-03-17,https://www.yotpo.com/careers/gid-6879751?gh_jid=6879751,,,
Senior Full Stack Engineer,Yotpo,Tel Aviv,2026-03-17,https://www.yotpo.com/careers/gid-4967920?gh_jid=4967920,,,
Senior Product Manager ,Yotpo,Tel Aviv,2026-04-15,https://www.yotpo.com/careers/gid-7633905?gh_jid=7633905,,,
Staff Engineer ,Yotpo,Tel Aviv,2026-03-17,https://www.yotpo.com/careers/gid-7496144?gh_jid=7496144,,,
VP of Product ,Yotpo,Tel Aviv,2026-05-04,https://www.yotpo.com/careers/gid-7880930?gh_jid=7880930,,,
Automation & Integrations Specialist,QuantHealth,Israel,2026-06-01,https://job-boards.eu.greenhouse.io/quanthealth/jobs/4879157101,,,
Clinical Data Scientist (Clinical Informatics Team) ,QuantHealth,Israel,2026-05-18,https://job-boards.eu.greenhouse.io/quanthealth/jobs/4868907101,,,
Clinical Informatics Scientist ,QuantHealth,Israel,2026-05-18,https://job-boards.eu.greenhouse.io/quanthealth/jobs/4868895101,,,
"Data Scientist, Clinical Data Science (CDS) R&D Team",QuantHealth,Israel,2026-04-30,https://job-boards.eu.greenhouse.io/quanthealth/jobs/4855975101,,,
Infrastructure Engineer,QuantHealth,Israel,2026-06-09,https://job-boards.eu.greenhouse.io/quanthealth/jobs/4887108101,,,
IT Helpdesk and Access Governance Analyst,QuantHealth,Israel,2026-05-06,https://job-boards.eu.greenhouse.io/quanthealth/jobs/4860694101,,,
Senior Data Scientist ,QuantHealth,Israel,2026-05-26,https://job-boards.eu.greenhouse.io/quanthealth/jobs/4855999101,,,
Senior Infrastructure Engineer (Databricks),QuantHealth,Israel,2026-05-30,https://job-boards.eu.greenhouse.io/quanthealth/jobs/4868967101,,,
Senior Product Manager,QuantHealth,Israel,2026-06-16,https://job-boards.eu.greenhouse.io/quanthealth/jobs/4897220101,,,
AI & IT Manager,BeamUp,Tel- Aviv,2026-04-13,https://job-boards.eu.greenhouse.io/beamup/jobs/4836478101,,,
Applied AI/ML Scientist,BeamUp,Tel Aviv,2026-06-08,https://job-boards.eu.greenhouse.io/beamup/jobs/4888237101,,,
Applied Data Scientist,BeamUp,Tel Aviv,2026-05-06,https://job-boards.eu.greenhouse.io/beamup/jobs/4607565101,,,
Data Analyst,BeamUp,Tel-Aviv,2026-04-29,https://job-boards.eu.greenhouse.io/beamup/jobs/4853883101,,,
Senior Full-Stack Engineer,BeamUp,Israel,2026-05-04,https://job-boards.eu.greenhouse.io/beamup/jobs/4857516101,,,
