title,company,location,date,url,department,workplace_type,source,description,position_type
מיישב/ת תביעות סיעוד,הראל,רמת גן,2026-07-01,https://career.adamtotal.co.il/Jobs/JobDetails?token=NWk1WHJWZkVhOEFXdFROZnNleGR5a21kZllIaGd2WU5MUVJoaDROTFdOTnY3MTBKMVRPM2p0TGVQVHEyTUNzbWtIdHZUOFVWZXR5TDYrQVllbWdhdnc9PQ==&shr=&eid=,צוות תביעות סיעוד 1,onsite,harel,"איך יראה היומיום שלך? טיפול מקיף בתביעות ביטוחי סיעוד , משלב הפנייה ועד לקבלת ההחלטה הסופית בדיקת זכאות על פי תנאי הפוליסה והבטחת מיצוי זכויות המבוטח קריאה והבנה של מסמכים רפואיים בעברית ובאנגלית עבודה שוטפת מול מחלקות פנימיות וגורמים חיצוניים מה אנחנו מחפשים ? ניסיון קודם בתחום השירות \ תפעול- חובה היכרות עם עולם הביטוח – יתרון ניסיון קודם כמיישב\ת תביעות- יתרון יכולת ניסוח גבוהה בכתב ובעל פה , הקפדה על דיוק ותשומת לב לפרטים היקף משרה: משרה מלאה, ימים א'-ד' 8.5 שעות, יום ה' - 6 שעות + נכונות לשעות נוספות במידת הצורך יום עבודה מהבית אנחנו על המפה: רמת גן, מתחם הבורסה, צמוד לרכבת סבידור מרכז",
נציג/ת שירות במוקד המשפחתי בתחום הסיעוד!,הראל,בית מ.א.ה,2026-07-01,https://career.adamtotal.co.il/Jobs/JobDetails?token=NWk1WHJWZkVhOEFXdFROZnNleGR5a21kZllIaGd2WU5MUVJoaDROTFdOTXNFTXljM2ZlTVBpRjVTc1NJd0VqOTltY2ZSRFQzYnA0SlJIRU00ZHQyNkE9PQ==&shr=&eid=,מוקד שירות - דקלה,onsite,harel,"איך יראה היום יום שלך? מענה ללקוחות החברה בשיחות נכנסות בתחום סיעוד, מתן הסבר על פרוצדורות, כיסוי ביטוחי ועוד :) לא נדרש ניסיון קודם - הכשרה על חשבוננו! אנחנו מחפשים אנשים בעלי זיקה שירותית, עם אנרגיה מעולה ובעלי רצון ללמוד ולהתפתח עובדי חברת הראל החל מהיום הראשון קרן השתלמות מהיום הראשון תשלום יום מחלה מהיום הראשון ביטוח בריאות רחב לאחר חצי שנה מסלולי קריירה וקידום מקצועי היקף משרה : משרה מלאה, א'-ה' (יש גמישות להורים ולמשרת סטודנט 4 פעמים בשבוע) אנחנו על המפה: רמת גן, מתחם הבורסה, צמוד לרכבת סבידור מרכז והרכבת הקלה",
נציג/ת מכירות [4000],הראל,רמת גן,2026-07-01,https://career.adamtotal.co.il/Jobs/JobDetails?token=NWk1WHJWZkVhOEFXdFROZnNleGR5a21kZllIaGd2WU5MUVJoaDROTFdOTlBTT3Jid3lxanVKVmhwcGZIUm12Qi9leFRGZVlzcVdLeEdJOEhlL2o4aWc9PQ==&shr=&eid=,הדרכה90009754,onsite,harel,"איך יראה היומיום שלך? שיחות יוצאות ללקוחות 5 משמרות בשבוע כולל ימי שישי פעם בחודש שכר בסיס + הגנת שכר + בונוסים גבוהים הכשרה ע""ח החברה ובנוסף ליווי מלא בחודשים הראשונים לתפקיד . זכאות לביטוח בריאות פרטי תחרויות ופרסים באווירה כיפית אופציות קידום והתפתחות נרחבות! מענקים נוספים על פי ותק עובד במהלך השנה מה אנחנו מחפשים? ניסיון במכירות/במוקד מכירות טלפוני - יתרון משרה מלאה מיקום רמת גן, מתחם הבורסה בצמוד לרכבת סבידור מרכז ולרכבת הקלה",
מיישב/ת תביעות רכב חובה- זמני,הראל,בית מ.א.ה,2026-07-01,https://career.adamtotal.co.il/Jobs/JobDetails?token=NWk1WHJWZkVhOEFXdFROZnNleGR5a21kZllIaGd2WU5MUVJoaDROTFdOTURRSExqWjQ5eDZ3UnI3SVpLR25nS3FOenBQR2JJTVpzTVZTWmhNVEhDZEE9PQ==&shr=&eid=,צוות מור - תביעות רכב חובה,onsite,harel,"מסלק לצוות נפגעים ישירים איך ייראה היומיום שלך? טיפול וסילוק תביעות גוף שנגרמו עקב תאונת דרכים קבלת מסמכים ממבוטחים לגבי הנזק מהתאונה ייזום שיחות למבוטחים לצורך טיפול בתביעות בדיקת הכיסויים הביטוחיים ניהול מו""מ מול נפגעי/ות ישירים, אישור/ דחיה וביצוע התשלום מה אנחנו מחפשים? תעודת בגרות מלאה- חובה יכולת ניהול מו""מ ברמה גבוהה - חובה אוריינטציה מכירתית ושירותית תואר ראשון- יתרון הכרות של נושא שיבובים והשתתפויות בין חברות הביטוח- יתרון היקף משרה: משרה מלאה, ימים א'-ד' 8 וחצי שעות עבודה, יום ה' 6 שעות עבודה ( חמישי קצר) אנחנו על המפה: מתחם הבורסה ברמת גן, בסמוך לרכבת סבידור מרכז ולרכבת הקלה",maternity_cover
מנהל/ת תיקי לקוחות,הראל,גוש דן,2026-07-01,https://career.adamtotal.co.il/Jobs/JobDetails?token=NWk1WHJWZkVhOEFXdFROZnNleGR5a21kZllIaGd2WU5MUVJoaDROTFdOTlkzMWRXTVhPeTQ4c3dhb3d4K0JWalpVeXRIQkJpS0thZDVCdTRucXVTT2c9PQ==&shr=&eid=,מחלקת שימור ניוד,onsite,harel,"איך ייראה היומיום שלך ? שיחות יוצאות למבוטחים אשר העבירו בקשה להעברת כספים/ביטול הפוליסה הקיימת בכל מוצרי חא""ט זיהוי צרכי הלקוח והתאמת המוצרים הפנסיונים אחריות לתפעול השוטף וסגירת מעגל טיפול מתן מענה מקצועי למבוטחים עמידה ביעדי מכירות יומיים וחודשיים תגמול גבוה במיוחד למתאימים! מה אנחנו מחפשים? בעל/ת רישיון בביטוח פנסיוני – חובה רקע בתחום החיסכון ארוך טווח – יתרון משמעותי רקע וניסיון בתפקידי שירות ומכירה ללקוחות – יתרון היקף משרה: משרה מלאה, גמישות בשעות ימים א'-ה', 8.5 שעות ביום אנחנו על המפה: רמת גן, מתחם הבורסה, צמוד לרכבת סבידור מרכז",
מבקר/ת פנים,הראל,גוש דן,2026-07-01,https://career.adamtotal.co.il/Jobs/JobDetails?token=NWk1WHJWZkVhOEFXdFROZnNleGR5a21kZllIaGd2WU5MUVJoaDROTFdOTlo2YllWMWl6MkFqQWpBRURqQjc4d05kdTNmOFZDUGZwb1Z6cy9OdWxtbXc9PQ==&shr=&eid=,מחלקת ביקורת פנים 2,onsite,harel,"איך ייראה היומיום שלך ? ביצוע ביקורות חוצות ארגון , לרבות ניתוח תהליכי עבודה ונתונים תוך זיהוי חשיפות. קיום פגישות עם בעלי תפקידים בדרגים שונים. כתיבת דוחות ביקורת והצגת הממצאים בכתב. מה אנחנו מחפשים? אנו מחפשים מבקר/ת פנים למחלקת ביקורות פנים בעל/ת ניסיון של 1-2 שנים לפחות בביקורת פנים במשרד רו""ח גדול/ חברות ביטוח/ שוק ההון/ בנקים. רואה/ת חשבון לאחר סיום התמחות (יתרון). שליטה מלאה בישומי e Offic היקף משרה: משרה מלאה, ימים א'-ה', 8.5 שעות ביום אנחנו על המפה: רמת גן, מתחם הבורסה, צמוד לרכבת סבידור מרכז",
בקרה איכות מכר,הראל,רמת גן,2026-07-01,https://career.adamtotal.co.il/Jobs/JobDetails?token=NWk1WHJWZkVhOEFXdFROZnNleGR5a21kZllIaGd2WU5MUVJoaDROTFdOTnIwNzJaUUV1M3Ftb2xqQkdxaDRma3NNbzZOZ2k3ZW1EVERONFZVekh2UGc9PQ==&shr=&eid=,תהליכי איכות מכר ופניות הציבור -  סטנדרד,onsite,harel,"אנחנו מחפשים נציג/ת בקרת איכות! חמישי מקוצר! במסגרת התפקיד: • ביצוע בקרה והאזנה על הצעות ופוליסות סיכונים מקצה לקצה – משלב הקליטה ועד להפקה • בדיקת תקינות נתונים ומסמכים בהתאם לנהלי החברה והרגולציה • זיהוי חריגות, פערים ותקלות בתהליך ומתן פתרונות בזמן אמת • תיעוד פעולות ובקרות במערכות החברה מה אנחנו מחפשים? • ניסיון קודם בתפעול/בק אופיס/בקרה – יתרון משמעותי • היכרות עם תחום הסיכונים/המשכנתאות ו/או הביטוח – יתרון היקף המשרה: משרה מלאה, א'-ד' – 8.5 שעות יום ה' מקוצר – 6 שעות בלבד! מיקום המשרה: פתח תקווה - על ציר ראשי של ז'בוטינסקי, בצמוד לרכבת הקלה",
מנהל/ת השקעות - מימון פרוויקטים תשתיות,הראל,רמת גן,2026-07-01,https://career.adamtotal.co.il/Jobs/JobDetails?token=NWk1WHJWZkVhOEFXdFROZnNleGR5a21kZllIaGd2WU5MUVJoaDROTFdOUEdNRXNOOWh0WXRrNXRDYzF5ZkdHd2pTU28wY3BPb1NmMGhUVEJsQ0huT2c9PQ==&shr=&eid=,מחלקת אשראי פרויקטים ותשתיות,onsite,harel,"איך ייראה היומיום שלך ? ניתוח כדאיות מתן הלוואות ועסקאות אשראי בליווי פרויקטים בתשתיות. ייזום עסקאות ניהול מו""מ וקשר שוטף מול לקוחות, בנקים ויועצים. אינטגרציה מול יועצים חיצוניים. מעקב ובקרה אחר עסקאות אשראי שבוצעו, ניהול וטיפול שוטף בהלוואות. הצגת עסקאות לוועדות ההשקעה. מה אנחנו מחפשים? תואר ראשון בכלכלה / מנהל עסקים / חשבונאות ניסיון בתפקיד דומה של מימון או ייזום פרויקטים בתשתיות – מינימום שנתיים. הכרות עם שוק ההון ושוק המימון הכרת מודלים למימון פרויקטאלי אקסל ברמה גבוהה מאוד היקף משרה: משרה מלאה, ימים א'-ד, 8.5 שעות ביום, יום ה'- 6 שעות אנחנו על המפה: רמת גן, מתחם הבורסה, צמוד לרכבת סבידור מרכז ולרכבת הקלה",
רכז/ת דסק מעסיקים,הראל,בית הראל רמת גן,2026-07-01,https://career.adamtotal.co.il/Jobs/JobDetails?token=NWk1WHJWZkVhOEFXdFROZnNleGR5a21kZllIaGd2WU5MUVJoaDROTFdOTjZ3d24yU1MzZEhlTTFXR2V2d3JXNlAzbkNaOUp6aGpSUkxSZE5oNytoSEE9PQ==&shr=&eid=,דסק מעסיקים,onsite,harel,"איך ייראה היומיום שלך ? מתן מענה לפניות במייל למעסיקים מתן מענה טלפוני למעסיקים (3 שעות בלבד של מענה טלפוני ביום) ניתוב פניות לגורמים הרלוונטיים הפקת דו""חות במערכות התפעול מה אנחנו מחפשים? ידע מקצועי בתחום הביטוח והחיסכון – יתרון משמעותי ניסיון בעבודה במוקדים – יתרון משמעותי תודעת שירות גבוהה ואדיבות מוסר עבודה גבוה וחריצות יסודיות וירידה לפרטים הקטנים היקף משרה: משרה מלאה, ימים א'-ד' - 8.5 שעות ביום, יום חמישי - 6 שעות אנחנו על המפה: רמת גן, מתחם הבורסה, צמוד לרכבת סבידור מרכז ולרכבת הקלה",
בקר\ית חקירות,הראל,גוש דן,2026-07-01,https://career.adamtotal.co.il/Jobs/JobDetails?token=NWk1WHJWZkVhOEFXdFROZnNleGR5a21kZllIaGd2WU5MUVJoaDROTFdOT0xuc3c2MFhiZWRpOHhudzJ6TzhKcHZzdHowUTRPdW84VVFHMG14Y0RYMkE9PQ==&shr=&eid=,צוות אימות נתונים90009604,onsite,harel,"איך ייראה היומיום שלך ? קבלת הפניות חקירה ממיישבי התביעות ובאי כוח חיצוניים ביצוע פעולות חקירתיות הפניית חקירות למשרדים חיצוניים ביצוע בקרה שוטפת על תוצרי חקירות/זמני טיפול/שכ""ט מתן שירות שוטף ללקוחות המחלקה מה אנחנו מחפשים? רישיון חוקר ממשרד המשפטים - חובה ניסיון בעבודה בתחום חקירות ביטוח (רכב, רכוש וחבויות) מינימום 3 שנים – חובה ניסיון מחברות ביטוח – יתרון משמעותי שליטה באופיס, מאגרי מידע/מידענות – חובה תואר אקדמאי -יתרון היקף משרה: משרה מלאה, ימים א-ה' 8.5 שעות ביום, שעות נוספות לפי דרישה. אנחנו על המפה: רמת גן, מתחם הבורסה, צמוד לרכבת סבידור מרכז",
סוחר חדר מסחר,הראל,גוש דן,2026-07-01,https://career.adamtotal.co.il/Jobs/JobDetails?token=NWk1WHJWZkVhOEFXdFROZnNleGR5a21kZllIaGd2WU5MUVJoaDROTFdOTVEyODhLTW13Ni9KT0hnV29aZ005OUtSMHd2cUt2L2NaZDVtT3g2S3BucWc9PQ==&shr=&eid=,מערך השקעות ומסחר ניהול תיקים,onsite,harel,"איך ייראה היומיום שלך ? מסחר במוצרים עוקבי מדדים בבורסה מקומית ובשווקים בינ""ל. מסחר בניירות ערך ישראלים וזרים. תפעול ותחזוקה של מערכות מחשוב ייעודיות. תכנון והקצאה של תיקי השקעות. מה אנחנו מחפשים? תואר ראשון רלוונטי – חובה (כלכלה, מנהל עסקים, תעשייה וניהול, חשבונאות ללא התמחות) היכרות עם שוק ההון, מניות, אג""ח וכו'– חובה ניסיון תעסוקתי (למשל כסוחר בבית השקעות) - יתרון אקסל ברמה גבוהה – חובה היקף משרה: משרה מלאה, ימים ב'-ה', 8.5 שעות ביום, יום ו',6 שעות. אנחנו על המפה: רמת גן, מתחם הבורסה, צמוד לרכבת סבידור מרכז לרכבת הקלה",
רפרנט/ית מיכון הסכמים ודמי ניהול,הראל,בית הראל רמת גן,2026-07-01,https://career.adamtotal.co.il/Jobs/JobDetails?token=NWk1WHJWZkVhOEFXdFROZnNleGR5a21kZllIaGd2WU5MUVJoaDROTFdOTVRQR2xhRkJzZVJQY0ZRVmljblJCZnk4SGwrY2xnb1NORFdCekQwd1FOZnc9PQ==&shr=&eid=,צוות מיכון הסכמים,onsite,harel,"איך ייראה היומיום שלך ? אחריות על מיכון הנחות והסכמים, ומיכון עמלות סוכנים במערכת מעקב ומתן מענה מקצועי בנושא הנחות ועמלות מול גורמי ההפצה השונים של הקרן ועדכון הסכמי מעסיק במערכת מתן שירות במייל למוקדי/רפרנט סוכנים, מפקחים ושירות לקוחות מה אנחנו מחפשים? רקע בתחום הפנסיה והגמל ועולמות הביטוח - יתרון משמעותי ניסיון בתפקיד תפעולי - יתרון משמעותי היכרות מערכת הבוסנובה - יתרון היקף משרה: משרה מלאה, ימים א'-ד' 8.5 שעות עבודה, יום ה' – 6 שעות עבודה בלבד! לאחר חפיפה – יום עבודה מהבית. נדרשת נכונות לביצוע שעות נוספות לפי הצורך אנחנו על המפה: מתחם הבורסה ברמת גן, צמוד לרכבת סבידור מרכז",
מזכיר/ה אגפי/ת,הראל,בית הראל רמת גן,2026-07-01,https://career.adamtotal.co.il/Jobs/JobDetails?token=NWk1WHJWZkVhOEFXdFROZnNleGR5a21kZllIaGd2WU5MUVJoaDROTFdOUEw4VUd5bnRGN3RxcXlESm1EYm1Gd0p2elV2b1JXRmFjbEZtRXFkWitJaFE9PQ==&shr=&eid=,אגף פנסיה וגמל,onsite,harel,"איך ייראה היומיום שלך ? ניהול יומנים של 2 מנהלים/מנהלות תיאום פגישות וזימון חדרי ישיבות זימוני חניה ואישורי כניסה הזמנת ציוד משרדי ריכוז משימות אגפיות ניהול ממשקים רבים סיוע בארגון אירועים חטיבתיים מה אנחנו מחפשים? שליטה בתוכנות אופיס- חובה ניסיון במזכירות- יתרון משמעותי ניסיון בעבודה תפעולית – יתרון היקף משרה: משרה מלאה, 8.5 שעות ביום, היתכנות לשעות נוספות לפי צורך. אנחנו על המפה: רמת גן, מתחם הבורסה, צמוד לרכבת סבידור מרכז",
עוזר/ת גזבר/ית אגף כספים,הראל,בית הראל רמת גן,2026-07-01,https://career.adamtotal.co.il/Jobs/JobDetails?token=NWk1WHJWZkVhOEFXdFROZnNleGR5a21kZllIaGd2WU5MUVJoaDROTFdOTTlHSHFKSnRlajNESmdWQzdPLy92aVRyMGR1Y3MrNTlxbit5TFVmY055RVE9PQ==&shr=&eid=,מחלקת גזברות,onsite,harel,"איך ייראה היומיום שלך ? טיפול שוטף בהתאמות יומיות העברות בנקאיות בין הבנקים והחוצה מעקב ובקרה על חשבונות הבנקים התנהלות מול הבנקים, בדיקות ועוד. התנהלות פנים וחוץ ארגונית. התעסקות עם כספים ותשלומים בסכומים גבוהים טיפול ישיר בתשלומים באתרי בנקים מה אנחנו מחפשים? הנה""ח סוג 2 ומעלה- חובה ניסיון של כשנתיים בתשלומים / הנה""ח / כספים - חובה שליטה בסביבה ממוחשבת – אופיס , אקסל- חובה היקף משרה: משרה מלאה, ימים א-ה' 8.5 שעות ביום, שעות נוספות לפי דרישה אנחנו על המפה: רמת גן, מתחם הבורסה, צמוד לרכבת סבידור מרכז",
רפרנט/ית פדיונות פנסיה וגמל,הראל,בית הראל רמת גן,2026-07-01,https://career.adamtotal.co.il/Jobs/JobDetails?token=NWk1WHJWZkVhOEFXdFROZnNleGR5a21kZllIaGd2WU5MUVJoaDROTFdOT2NpV2NMeG4vMVNPQytqOUlnNGc5TmJpdTdINmloL09GeGlRaTBNS1RFY1E9PQ==&shr=&eid=,צוות פדיונות פנסיה וגמל,onsite,harel,"איך ייראה היומיום שלך ? מתן מענה מקצועי כתוב לפניות המתקבלות ממוקד השירות, סוכנים וגורמים נוספים בחברה ניהול בקשות לביצוע פדיון מקצה לקצה על ידי מערכות התפעול עבודת צוות וחתירה לסגירת מעגל טיפול ביצוע בקרות בטרם תשלום עמידה ביעדי איכות וכמות מה אנחנו מחפשים? היכרות עם תחום הפנסיה/הגמל/הפיננסי – יתרון משמעותי ניסיון בבק אופיס – יתרון היקף משרה: משרה מלאה, לאחר חפיפה יום עבודה 1 מהבית 8.5 שעות בימי א'-ד' ו6 שעות ביום ה' נכונות לשעות נוספות, ימי שישי וחול המועד לפי צורך אנחנו על המפה: רמת גן, מתחם הבורסה, צמוד לרכבת סבידור מרכז",
בודק/ת QA,הראל,חיפה והקריות,2026-07-01,https://career.adamtotal.co.il/Jobs/JobDetails?token=NWk1WHJWZkVhOEFXdFROZnNleGR5a21kZllIaGd2WU5MUVJoaDROTFdOTVJML01wMyt3ZmtqUnJuY0xEMGF5TmFrLzc4YXMxdEVTUHFnelV4dGE5N0E9PQ==&shr=&eid=,יישומים טכנולוגיים חטיבת ישירים אלמנטרי,onsite,harel,"לחברת הראל דרוש/ה בודק/ת QA במסגרת התפקיד: אחריות על מעקב וטיפול שוטף בתקלות בדיקות במערכת עבודה מול ממשקים מרובים בארגון מה אנחנו מחפשים? ידע וניסיון בעבודה מול מערכת הSALESFORCE- חובה ידע וניסיון בבדיקות ידניות- חובה נכונות לעבודה במשרה מלאה יכולת עבודה בצוות ומול ממשקים משרה מלאה , יום חמישי מקוצר, יום עבודה מהבית. מיקום המשרה: רמת גן, אזור הבורסה, סמוך לרכבת סובידור מרכז.",
"רפרנט/ית פניות הציבור- החלפה לחל""ד",הראל,בית מ.א.ה,2026-07-01,https://career.adamtotal.co.il/Jobs/JobDetails?token=NWk1WHJWZkVhOEFXdFROZnNleGR5a21kZllIaGd2WU5MUVJoaDROTFdOUHdXNnY0YmFEbGliUjV1MjVVWEkvOS9KaUdyakdHUVR6NmJQMThKQ1NJMEE9PQ==&shr=&eid=,צוות דיגיטל - פניות הציבור,onsite,harel,"איך ייראה היומיום שלך ? קליטת פניות ציבור, תיעוד שלהן וקבלת התייחסות מקצועית . בקרה ותחקור פניות; מתן מענה מקצועי במידת הצורך לפניות, מענה לבירורי זכויות ועוד. פתיחת תיקים, מיפתוח, קבלת תשובות, משלוח תזכורות ומגע מול הרפרנטים השונים ביחידות המקצועיות. מה אנחנו מחפשים? ניסיון בענף הביטוח – חובה ניסיון בטיפול בפניות ציבור – יתרון משמעותי ניסיון ממוקד שירות – יתרון משמעותי היקף משרה: משרה מלאה, ימים א'-ד', 8.5 שעות ביום, יום ה' 6 שעות אנחנו על המפה: רמת גן, מתחם הבורסה, צמוד לרכבת סבידור מרכז, והרכבת הקלה",maternity_cover
אנליסט/ית תחקור ובקרה,הראל,בית מ.א.ה,2026-07-01,https://career.adamtotal.co.il/Jobs/JobDetails?token=NWk1WHJWZkVhOEFXdFROZnNleGR5a21kZllIaGd2WU5MUVJoaDROTFdOT05ib3dVcHlQS291WmxNam5GbGdIRkJWMDVCYlMwMi9PWGZ5akw2M0hQMFE9PQ==&shr=&eid=,מחלקת תחקור ובקרה,onsite,harel,"איך ייראה היומיום שלך ? ביצוע בקרות שכר וניתוח הוצאות השכר ביצוע אנליזות ודו""חות על בסיסי נתונים גדולים אפיון מערכות, דשבורדים ואוטומציות של תהליכים ליווי פיתוח, בדיקות והטמעת תהליכים מקצה לקצה עבודה בשיתוף פעולה עם יחידות מקבילות עזרה שוטפת למנהלת המחלקה מה אנחנו מחפשים? ניסיון של שנתיים לפחות כאנליסט/ית - חובה ידע בשליפה מורכבת של נתונים משרת SQL – חובה ניסיון מעשי בעבודה עם Excel לרבות עבודה שוטפת עם פונקציות מורכבות - חובה ניסיון כאנליסט/ית שכר והטבות – יתרון תואר ראשון ומעלה בכלכלה, מנע""ס, הנדסת תעשיה וניהול, ו/או מקצוע ריאלי דומה - חובה היקף משרה: משרה מלאה, ימים א'-ד', 8.5 שעות ביום, יום ה' 6 שעות, שעות נוספות עפ""י דרישה אנחנו על המפה: רמת גן, מתחם הבורסה, צמוד לרכבת סבידור מרכז, והרכבת הקלה",
מאפיינ/ת דרישה עסקית,הראל,רמת גן,2026-07-01,https://career.adamtotal.co.il/Jobs/JobDetails?token=NWk1WHJWZkVhOEFXdFROZnNleGR5a21kZllIaGd2WU5MUVJoaDROTFdOUG9USTRCTTVXUFlGRDhMR1FGY3FKT1VaOVRGeHVjVWI0WWQxMExKbFJSUVE9PQ==&shr=&eid=,מטה ופרויקטים חטיבה עסקית בטוח כללי,onsite,harel,"איך יראה היום שלך? הובלת פרויקטים חוצי ארגון בעולמות מערכות ליבה, דיגיטל ותפעול הבנה עמוקה של צרכים עסקיים והפיכתם לאפיון פונקציונלי ברור עבודה שוטפת מול צוותי פיתוח וגורמים עסקיים ייזום פתרונות ושיפורים במערכות קיימות ניהול E2E משלב הרעיון, אפיון, פיתוח ועד עלייה לאוויר תיעדוף משימות וניהול backlog בממשקים מרובים ניתוח נתונים עסקיים ושימוש בהם לקבלת החלטות ליווי המוצר לאחר השקה ומדידת הצלחה (KPI / ROI) מה אנחנו מחפשים? ניסיון בתחום האלמנטרי – חובה ניסיון במערכת הירוקה / בוסנובה / AS400 – חובה ניסיון של 2-3 שנים בניהול פרויקטים / ניתוח מערכות / ניהול ממשקים – חובה ניסיון מחברת ביטוח \ בנקים – יתרון משמעותי תואר ראשון (ביטוח / תחום פיננסי) היקף משרה: משרה מלאה, ימים א'-ד' 8 וחצי שעות עבודה, יום ה' 6 שעות עבודה ( חמישי קצר) מיקום: מתחם הבורסה ברמת גן, בסמוך לרכבת סבידור מרכז ולרכבת הקלה",
מנהל/ת פרויקטים DATA ו AI,הראל,בית מ.א.ה,2026-07-01,https://career.adamtotal.co.il/Jobs/JobDetails?token=NWk1WHJWZkVhOEFXdFROZnNleGR5a21kZllIaGd2WU5MUVJoaDROTFdOTWVkSUJaZ0dCa0dTMDJ5WHZRaVRHNSs0WEZOWEF4QkpWcGtXTXdCVkQ1UGc9PQ==&shr=&eid=,אגף דאטה,onsite,harel,"איך ייראה היומיום שלך ? לאגף דאטה ומחקר דרוש/ה מנהל/ת פרויקטים טכני/ת להובלת פרויקטים טכנולוגיים מורכבים מקצה לקצה, בסביבה מרובת ממשקים וצוותים. התפקיד כולל ניהול לו״ז, תכולות, תלויות וחסמים – תוך עבודה צמודה עם צוותי פיתוח, דאטה ותשתיות, ותרגום צרכים עסקיים לביצוע טכנולוגי. תחומי אחריות - ניהול והובלת פרויקטים טכנולוגיים מורכבים ( Data, ML , מערכות מידע, אינטגרציות). בניית תוכניות עבודה: אבני דרך, לו״ז, תלויות וסיכונים. תכלול עבודה בין צוותים טכנולוגיים שונים במקביל. ניהול שוטף של סטטוס הפרויקט, זיהוי חסמים והובלת פתרונות. עבודה מול גורמים עסקיים, IT וספקים. הובלת תהליכי עבודה אג׳יליים ( Sprint Planning , מעקב ובקרה). הכנת דיווחי סטטוס ברורים ושקופים. מה אנחנו מחפשים? ניסיון של 5 שנים לפחות בניהול פרויקטים טכנולוגיים – חובה. הבנה טכנולוגית רחבה ויכולת לנהל שיח מקצועי עם צוותי פיתוח ודאטה סיינטיסטים. ניסיון בעבודה עם מערכות מגוונות. ניסיון בעבודה במתודולוגיות Agile – חובה. יכולת ניהול מספר פרויקטים במקביל בסביבה דינמית. היקף משרה: משרה מלאה, ימים א'-ד' 8 וחצי שעות עבודה, יום ה' 6 שעות עבודה ( חמישי קצר) אנחנו על המפה: מתחם הבורסה ברמת גן, בסמוך לרכבת סבידור מרכז ולרכבת הקלה",
חתמ/ת משכנתאות,הראל,בית מ.א.ה,2026-07-01,https://career.adamtotal.co.il/Jobs/JobDetails?token=NWk1WHJWZkVhOEFXdFROZnNleGR5a21kZllIaGd2WU5MUVJoaDROTFdOUGJyU2JVVjBoODdIMWZIVlR2YkZrZWFWNVc4eitMaFdSYVhEZ3J0VVlJdHc9PQ==&shr=&eid=,משכנתאות ומשכנתא לגיל השלישי,onsite,harel,"איך ייראה היומיום שלך ? מתן מענה מקצועי ללקוחות חדשים וקיימים טיפול וגיוס לקוחות חדשים ניתוח בקשות להלוואות משכנתא והערכת רמת סיכון קבלת החלטות חיתום בהתאם לנהלי החברה והרגולציה בחינת יכולת החזר של הלקוחות קשר שוטף עם משווקים, יועצי משכנתאות וגורמים פנים ארגוניים עמידה ביעדי ביצוע כמותיים ואיכותיים מה אנחנו מחפשים? תואר ראשון – יתרון ניסיון קודם כחתם/ת משכנתאות / בנקאי/ת אשראי (לפחות שלוש שנים) – חובה ניסיון והכרות טובה עם תחום המשכנתאות כולל רגולציה ותקנות בתחום זה הכרות עם מערכות לניהול הלוואות , מערכות CRM ושליטה ביישומי מחשב כישורי שירות , יחסי אנוש ועבודה מול ממשקים אחראיות אישית, יוזמה ופרואקטיביות ,מעורבות ומחויבות היקף משרה: משרה מלאה, ימים א'-ד' 8 וחצי שעות עבודה, יום ה' 6 שעות עבודה ( חמישי קצר) אנחנו על המפה: מתחם הבורסה ברמת גן, בסמוך לרכבת סבידור מרכז ולרכבת הקלה",
אנליסט/ת השקעות אשראי עיסקי,הראל,בית מ.א.ה,2026-07-01,https://career.adamtotal.co.il/Jobs/JobDetails?token=NWk1WHJWZkVhOEFXdFROZnNleGR5a21kZllIaGd2WU5MUVJoaDROTFdOTjlJbUFHTW95SC9qTkh5bHRsUFB3d09WOHk3ek9YaER2UWJYYXp1emdNVnc9PQ==&shr=&eid=,מחלקת אנליזה90001303,onsite,harel,"איך ייראה היומיום שלך ? ביצוע אנליזה לאשראי לא סחיר ניתוח דוחות כספיים והכנת בקשות אשראי לועדות הכנת סקירות ענפיות ומחקר ענפי מעקב ובקרה אחר עסקאות אשראי שבוצעו וניהול וטיפול שוטף בהלוואות הצגת בקשות אשראי לועדות אשראי והשקעות מה אנחנו מחפשים? תואר ראשון בכלכלה/ מנהל עסקים/ חשבונאות- חובה היכרות עם מודלים של דירוג אשראי - חובה מינימום 3 שנות ניסיון באנליזה וניתוח חברות ניסיון בהכנת סקירות ענפיות ומחקר ענפי- יתרון משמעותי רקע וניסיון באנליזת חוב ממחלקת אשראי עסקי בבנק / חברת ביטוח –יתרון משמעותי שליטה בכל תוכנות Office - חובה אנגלית ברמה גבוהה היקף משרה: משרה מלאה, ימים א'-ד - 8.5 שעות ביום, יום ה' – 6 שעות אנחנו על המפה: רמת גן, מתחם הבורסה, צמוד לרכבת סבידור מרכז ולרכבת הקלה",
"אחמ""ש/ית מוקד שימור בריאות וחיים",הראל,בית הראל רמת גן,2026-07-01,https://career.adamtotal.co.il/Jobs/JobDetails?token=NWk1WHJWZkVhOEFXdFROZnNleGR5a21kZllIaGd2WU5MUVJoaDROTFdOTTBndE54bCtsMnh0N3ZQQ29iY3hkc00zcGpkNDArbVZ6Q2R2cDEvS0JiOUE9PQ==&shr=&eid=,מחלקת שימור בריאות וחיים,onsite,harel,"איך יראה היומיום שלך? אחריות על ניהול המשמרת במוקד בקרה על מצבת העובדים והנוכחות במהלך המשמרת מעקב ובקרה אחר ביצועי המחלקה על ידי הוצאת דוחות שוטפים שיתוף פעולה מלא עם מנהלי הצוותים במוקד מה אנחנו מחפשים? אוריינטציה מכירתית ויכולת הנעת עובדים לעמידה ביעדים אחריות אישית, יכולת קבלת החלטות ותיעדוף משימות יחסי אנוש מצוינים ניסיון בתפקיד ניהולי/אחמ""ש/ראש צוות – יתרון היכרות עם תחומי ביטוח חיים ובריאות – יתרון משמעותי היקף משרה: משרה מלאה, ימים א'-ד' 8.5 שעות ביום, יום ה' - 6 שעות אנחנו על המפה: רמת גן, מתחם הבורסה, צמוד לרכבת סבידור מרכז",
מנהל/ת צוות למוקד שירות תביעות פנסיה,הראל,פתח תקוה,2026-07-01,https://career.adamtotal.co.il/Jobs/JobDetails?token=NWk1WHJWZkVhOEFXdFROZnNleGR5a21kZllIaGd2WU5MUVJoaDROTFdOUFVZUFcyb3d1bkcxbk9ET0h2Mno0azZjSXpVb01vZW8vV3ZObExQN24yN3c9PQ==&shr=&eid=,מחלקת שירות,onsite,harel,"יש לך ניסיון בניהול צוותים ואהבה לעבודה עם אנשים? רוצה להיכנס לתפקיד משמעותי עם השפעה אמיתית ? זו ההזדמנות שלך ! ניהול שוטף של צוות נציגי שירות והובלתו לעמידה ביעדים הנעה, חניכה וליווי מקצועי ואישי של הנציגים קליטה והכשרה של עובדים חדשים ביצוע משובים, שיחות אישיות ושימור עובדים בקרה על איכות השירות ושיפור מתמיד של ביצועי הצוות ניהול משימות, סדרי עבודה ותעדוף משימות בשגרה ובעומסים דרישות התפקיד ניסיון קודם בניהול צוות – חובה יכולת הובלה, הנעה ויחסי אנוש מצוינים שליטה מלאה בתוכנות office בדגש על Excel - חובה אחריות, סדר ויכולת ניהול מספר משימות במקביל משרה מלאה, א'-ה' 8.5 שעות ביום . אנו ממוקמים בפתח תקווה, על ציר ז'בוטינסקי (סמוך לרכבת הקלה)",
רכז/ת בקרת תפעול,הראל,חיפה והקריות,2026-07-01,https://career.adamtotal.co.il/Jobs/JobDetails?token=NWk1WHJWZkVhOEFXdFROZnNleGR5a21kZllIaGd2WU5MUVJoaDROTFdOTTZOMzBIRUdhb1dJVVBYaC8xTWlVTmZ3Yi9UTHVrZmMzVEJVWnhNYXAxa0E9PQ==&shr=&eid=,מחלקת בקרה תפעולית,onsite,harel,"לחברת הראל דרוש/ה רפרנט/ית בקרת תפעול במסגרת התפקיד: התנהלות מול המשווקים הפנסיוניים ומול לקוחות החברה. פנייה ללקוחות להשלמת המסמכים החסרים לצורך הפקת הפוליסה עבודת בק אופיס מה אנחנו מחפשים? ניסיון והיכרות עם תחום הביטוח- יתרון שליטה גבוהה בתוכנות ה-Office ניסיון תעסוקתי והכרות עם תהליכים, נהלים והרגולציה של חברות הביטוח -יתרון משמעותי היכרות עם מערכת הbosanova יתרון משמעותי. נכונות לשעות נוספות במידת הצורך. היקף המשרה: משרה מלאה. יום חמישי מקוצר, 6 שעות עבודה בלבד! מיקום המשרה: רמת גן, אזור הבורסה, סמוך לרכבת סובידור מרכז.",
מנהל/ת שיווק השקעות - קרנות נאמנות,הראל,רמת גן,2026-07-01,https://career.adamtotal.co.il/Jobs/JobDetails?token=NWk1WHJWZkVhOEFXdFROZnNleGR5a21kZllIaGd2WU5MUVJoaDROTFdOT2lSRnRSR2F0dWEyVVovRWlHUk9qWTE3UUVZUzVBZm9UbjBIQ3dXV2R0d0E9PQ==&shr=&eid=,מערך שיווק בנקים הראל פיננסים,onsite,harel,"איך ייראה היומיום שלך ? אנחנו מגייסים מנהל/ת שיווק השקעות להראל פיננסים עם ניסיון של לפחות 3 שנים בשיווק קרנות נאמנות ובעל/ת תואר ראשון. אז אם את/ה בעל/ת אוריינטציה שיווקית ויכולת מכירה גבוהה, יודע/ת להתבטא בעל פה ובכתב מצוין ובעל/ת יחסי אנוש מצוינים, אותך אנחנו מחפשים. אם את/ה בעל/ת רישיון שיווק השקעות יש לך יתרון משמעותי. מה אנחנו מחפשים? אנחנו מגייסים מנהל/ת שיווק בנקים להראל פיננסים עם ניסיון של לפחות 3 שנים בשיווק קרנות נאמנות ובעל/ת תואר ראשון. אז אם את/ה בעל/ת אוריינטציה שיווקית ויכולת מכירה גבוהה, יודע/ת להתבטא בעל פה ובכתב מצוין ובעל/ת יחסי אנוש מצוינים, אותך אנחנו מחפשים. אם את/ה בעל/ת רישיון שיווק השקעות יש לך יתרון משמעותי. היקף משרה: משרה מלאה אנחנו על המפה: רמת גן, מתחם הבורסה, צמוד לרכזת סבידור מרכז ולרכבת הקלה",
חשב/ת צוות סלים וחשבות ביטוח- זמני,הראל,רמת גן,2026-07-01,https://career.adamtotal.co.il/Jobs/JobDetails?token=NWk1WHJWZkVhOEFXdFROZnNleGR5a21kZllIaGd2WU5MUVJoaDROTFdOT1NrTkRvcFFVdkdCSUFzZHc3a1NPTllhY2NJQkZwbmlFc1hsa21teldCcXc9PQ==&shr=&eid=,מחלקת חשבות ביטוח פנסיה וסלים,onsite,harel,"איך ייראה היומיום שלך? הכנת דוחות כספיים, חישובי מס וקרן הון בתחום ההשקעות הכנת דוחות רגולטורים בתחום ההשקעות ניהול תהליכי סגירה חודשית דיווחים אנליטיים תקופתיים להנהלה חישובי מס בתחום ההשקעות תפעול וביצוע בקרת השקעות ותהליכים פיננסיים מה אנחנו מחפשים? תואר ראשון רלוונטי – חובה רישיון ראית חשבון - חובה רקע מתחום תפעול פיננסי בחברות ביטוח, בנקים, בתי השקעות - יתרון משמעותי ניסיון והכרות עם שוק ההון – יתרון יכולת חשבונאית - חובה ניסיון בעבודה עם מערכת דנאל/BI /פריים /SAP - יתרון משמעותי שליטה ב-Excel ברמה גבוהה היקף משרה: משרה מלאה, ימים א'-ה', 8 וחצי שעות ביום + שעות נוספות עפ""י צורך אנחנו על המפה: מתחם הבורסה ברמת גן, בסמוך לרכבת סבידור מרכז",maternity_cover
מומחה/ית Marketing Automation,הראל,בית מ.א.ה,2026-07-01,https://career.adamtotal.co.il/Jobs/JobDetails?token=NWk1WHJWZkVhOEFXdFROZnNleGR5a21kZllIaGd2WU5MUVJoaDROTFdOTzczV1JQUVJFQ1h4QytBdkdDYUZRV2dMUERyaUxVSmo3NTRib2VVdmhwVnc9PQ==&shr=&eid=,מחלקת ניהול פלטפורמות לקוח,onsite,harel,"איך ייראה היומיום שלך ? בנייה, ניהול ואופטימיזציה של מסעות לקוח וקמפיינים אוטומטיים יצירת סגמנטציות ויישום פרסונליזציה ניתוח ביצועים , A/B Testing והפקת תובנות חיבור וניהול מקורות מידע לצורך קמפיינים עבודה שוטפת מול שיווק , BI, מוצר ו‑ IT מה אנחנו מחפשים? ניסיון של לפחות שנתיים ב- / Marketing Automation / CRM קמפיינים דיגיטליים – חובה ניסיון מעשי בעבודה עם Salesforce Marketing Cloud – חובה תואר ראשון רלוונטי חשיבה אנליטית והבנה עסקית היקף משרה: משרה מלאה, ימים א'-ד', 8.5 שעות ביום, יום ה' 6 שעות אנחנו על המפה: רמת גן, מתחם הבורסה, צמוד לרכבת סבידור מרכז, והרכבת הקלה",
תפעול קרנות זרות,הראל,בית מ.א.ה,2026-07-01,https://career.adamtotal.co.il/Jobs/JobDetails?token=NWk1WHJWZkVhOEFXdFROZnNleGR5a21kZllIaGd2WU5MUVJoaDROTFdOTngvZzcrVkgydkJ6a2Y4eVlTQUVRYkRMOWYrNnQ1RTFEUVdDbVo2UnpMcHc9PQ==&shr=&eid=,קרנות פאסיביות,onsite,harel,"איך ייראה היומיום שלך ? תכנון תהליכי התכסות בקרנות זרות תפעול הקרנות, קבלת והעברת נתונים לצורך חישובי שווי, חישובי ריווחיות ממשקי עבודה מול בנקים ומול מנהלי השקעות בהראל. ממשקי עבודה מול חשבות השקעות מה אנחנו מחפשים? תואר ראשון בכלכלה/מנהל עסקים/הנדסת תעשייה וניהול ניסיון בשוק ההון ובכלל זה בנכסים הנסחרים בחו""ל ניסיון בתחום קרנות נאמנות - יתרון אקסל ברמה גבוהה. ניסיון ב VBA (תכנות באקסל) יכולת עבודה בצוות יכולות אנליטיות ויכולת הסקת מסקנות מהירה היקף משרה: משרה מלאה, ימים ב’-ו, 8.5 שעות ביום. אנחנו על המפה: רמת גן, מתחם הבורסה, צמוד לרכבת סבידור מרכז ולרכבת הקלה",
נציג/ת מכירות– אלמנטרי,הראל,פתח תקוה,2026-07-01,https://career.adamtotal.co.il/Jobs/JobDetails?token=NWk1WHJWZkVhOEFXdFROZnNleGR5a21kZllIaGd2WU5MUVJoaDROTFdOTnBDYlV0WERhNnNRcHJhTzdGOFoydFFVcjFNVVczS2I4UWM4dTdpbzR6L0E9PQ==&shr=&eid=,מערך מכירות פתח-תקוה סטנדרד,onsite,harel,"במסגרת התפקיד: מכירות ביטוח רכב ודירה - שיחות נכנסות ו/או יוצאות לידים חמים בלבד. עבודה עם מספר מערכות במקביל מה יוצא לך מזה? שכר טוב ועמלות גבוהות!!! תחרויות ופרסים שווים! א ווירה צעירה וכיפית! עובד/ת חברה מהיום ה-1! הכשרה על חשבון החברה וליווי מלא בתפקיד. זכאות לביטוח בריאות אחרי חצי שנה! אופציות קידום והתפתחות נרחבות! מה אנחנו מחפשים? ניסיון במוקד מכירות טלפוני - יתרון משמעותי! היקף משרה: 5 משמרות בשבוע, שישי לסירוגין אנחנו על המפה: פתח תקווה - ציר ז'בוטינסקי, בצמוד לרכבת הקלה",
מוביל ארכיטקטורת דאטה,הראל,בית מ.א.ה,2026-07-01,https://career.adamtotal.co.il/Jobs/JobDetails?token=NWk1WHJWZkVhOEFXdFROZnNleGR5a21kZllIaGd2WU5MUVJoaDROTFdOTWxUUG1IQVJNS29Xa0tMelZidlhUZFRPRmRTTG5uOG4wQU92MjBPYW1YYnc9PQ==&shr=&eid=,אגף דאטה,onsite,harel,"Lead Data Architect אנחנו מגייסים לחטיבת ה AI Lead Data Architect לתפקיד מרכזי בהובלת פתרונות DATA , מתודולוגיות Data Products ויכולות Data Enablement עבור פתרונות Data & AI ארגוניים. התפקיד כולל הובלה מקצועית ומטריציונית של יוזמות DATA רוחביות, גיבוש סטנדרטים ומתודולוגיות עבודה, תכנון והקמת פתרונות דאטה מתקדמים, ועבודה Hands-on לצד צוותי הפיתוח. במסגרת התפקיד הובלת ארכיטקטורת נתונים עבור פתרונות Data Products ודומיינים עסקיים גיבוש והטמעת סטנדרטים ומתודולוגיות עבודה בעולמות Data Engineering ו־ Data Products הובלת הקמה ופיתוח של Domain Data Products תכנון והקמת תהליכי Data Integration, Batch ו־ Streaming עבודה Hands-on בפיתוח והקמת פתרונות DATA בסביבת Cloud קידום פתרונות Data Quality, ניטור ו Data Observability הובלת יוזמות Data Enablement מול צוותי DATA , BI, AI ותשתיות ליווי מקצועי והכוונה ארכיטקטונית בפרויקטי DATA מורכבים דרישות ניסיון של 5+ שנים בעולמות Data Engineering / Data Architecture ניסיון Hands-on בפיתוח והקמת פתרונות ותהליכי DATA בסביבת Cloud ניסיון בעבודה עם Microsoft Azure , Databricks , Spark , SQL , Python ניסיון בתכנון Data Pipelines ותהליכי Data Integration היכרות עם עולמות Lakehouse / Data Lake ניסיון בעבודה עם Streaming / CDC - יתרון היכרות עם עולמות AI / ML - יתרון",
אנליסט/ית PE,הראל,בית מ.א.ה,2026-07-01,https://career.adamtotal.co.il/Jobs/JobDetails?token=NWk1WHJWZkVhOEFXdFROZnNleGR5a21kZllIaGd2WU5MUVJoaDROTFdOUGlIVmdpUWZPNjVGQjExRVZJdDJZUllxT1pZbHM0TXBlb0x2UTkyR0t4NGc9PQ==&shr=&eid=,אגף PE,onsite,harel,"איך ייראה היומיום שלך ? ניתוח הזדמנויות השקעה בקרנות וחברות פרטיות, אשר כוללים ניתוחי מאקרו של תמונת השוק בו הקרן/החברה פועלת הערכת מנהל הקרן על ידי ניתוח השקעות וביצועי עבר ניתוח פעילות החברה וניתוח/בניית מודל הערכת שווי ניתוח וניהול מו""מ על מסמכי ההשקעה בקרן מעקב ואנליזה של התוצאות של אותן קרנות/חברות מה אנחנו מחפשים? תואר ראשון בכלכלה, ראיית חשבון ו/או משפטים – חובה תואר שני – יתרון ניסיון של מינימום שנה בשוק ההון בתפקידי אנליזה - או - ניסיון כרו""ח במחלקה הכלכלית מאחד המשרדים הגדולים – חובה שליטה באקסל ברמה גבוהה – חובה אנגלית ברמה גבוהה – חובה היכרות עם עולם הפרייבט אקוויטי - יתרון משמעותי ניסיון עבודה מול גורמים בינלאומיים – יתרון היקף משרה: משרה מלאה, ימים א'-ה', 8.5 שעות ביום. אנחנו על המפה: רמת גן, מתחם הבורסה, צמוד לרכבת סבידור מרכז ולרכבת הקלה",
מנהל/ת תיק פנסיוני,הראל,בית מ.א.ה,2026-07-01,https://career.adamtotal.co.il/Jobs/JobDetails?token=NWk1WHJWZkVhOEFXdFROZnNleGR5a21kZllIaGd2WU5MUVJoaDROTFdOTzdlM21SalR1MUVyL3QwM0E2cnNYSnJaMVg1RTRER0dYSDh4TS9tVVpnd0E9PQ==&shr=&eid=,יחידת תיקים 1 הראל ידידים,onsite,harel,"לקבוצת הראל דרוש/ה מנהל/ת תיק שטח במסגרת התפקיד: טיפול וניהול תיקי לקוחות. מה אנחנו מחפשים? ידע וניסיון בניהול תיק שטח- חובה יכולת מכירתית גבוהה מאוד ומוכחת- חובה ניסיון בניהול תיק מסוכנות הסדר- יתרון משמעותי בעל/ת רשיון בביטוח פנסיוני מורשה - חובה ! הכרות עם יישומי office, אוריינטציה שירותית ומכירתית היקף המשרה- משרה מלאה מיקום המשרה: צפון",
"נציג/ת שירות לסוכנים- ביטוחי חו""ל",הראל,בית הראל רמת גן,2026-07-01,https://career.adamtotal.co.il/Jobs/JobDetails?token=NWk1WHJWZkVhOEFXdFROZnNleGR5a21kZllIaGd2WU5MUVJoaDROTFdOTUxweWtHMlJiUWdMY2xuRkY4UDRZSVNOOEpEL1hsT01SZlc1NUhZdmJwQ2c9PQ==&shr=&eid=,"מחלקת תביעות חו""ל",onsite,harel,"איך יראה היומיום שלך? מוקד שיחות נכנסות, מענה לסוכנים בתחום הבריאות. מסירת מידע בנוגע לכיסוי ביטוחי, סטטוס תביעה, הסבר על פרוצדורות. מה תרוויח/י? שכר חודשי + בונוסים גבוהים על יעדי שירות! קליטה כעובדי חברה מהיום הראשון ביטוח בריאות חינם לאחר חצי שנה תשלום יום מחלה מלא מהיום הראשון מה אנחנו מחפשים ? אנחנו מחפשים אנשים בעלי זיקה שירותית, עם אנרגיה מעולה ובעלי רצון ללמוד ולהתפתח לא נדרש ניסיון קודם ! היקף משרה: משרה מלאה א'-ה' שעות נוספות במידת הצורך. אנחנו על המפה רמת גן, מתחם הבורסה, צמוד לרכבת סבידור מרכז ולרכבת הקלה.",
רפרנט.ית  פרה חיתום,הראל,גוש דן,2026-07-01,https://career.adamtotal.co.il/Jobs/JobDetails?token=NWk1WHJWZkVhOEFXdFROZnNleGR5a21kZllIaGd2WU5MUVJoaDROTFdOTWRLMzRiWWZxZHZoQVg2ZHNKL3VQbE9yeVJqTEsweWoxSS83MzIyS24rR0E9PQ==&shr=&eid=,צוות חיתום סטנדרד,onsite,harel,"איך ייראה היומיום שלך ? השלמת מידע רפואי מול לקוחות לצורך חיתום רפואי עבודה שוטפת מול מחלקת החיתום בחברה. מה אנחנו מחפשים? ניסיון קודם בתחום תפעול/בק אופיס –יתרון משמעותי שליטה מלאה ביישומי אופיס, בדגש על אקסל ואווטלוק ו – CRM סדר, דיוק ויכולת עמידה עם ריבוי משימות תודעת שירות גבוה ויחסי אנוש מצוינים יכולת עבודה עצמאית ובצוות היקף משרה: משרה מלאה 8.5 שעות ביום חמישי מקוצר - 6 שעות אנחנו על המפה: רמת גן - קרב לרכבת סבידור מרכז",
רפרנט.ית בק אופיס,הראל,בית מ.א.ה,2026-07-01,https://career.adamtotal.co.il/Jobs/JobDetails?token=NWk1WHJWZkVhOEFXdFROZnNleGR5a21kZllIaGd2WU5MUVJoaDROTFdOUEw5emQ1VGFJOWZmTjlYSUJQL3hIQ0tTSU5ZWWJRTkgwSDBsY1gwdXhIOFE9PQ==&shr=&eid=,תפעול ובק אופיס סטנדרד,onsite,harel,"איך ייראה היומיום שלך ? טיפול בהצעות/פוליסות משכנתא, משלב הקלדה ועד הפקה עבודה מול הבנקים, צוות מכירות ויחידות מטה איסוף ובקרת מסמכים לצורך תפעול מעקב אחר סטטוס הפוליסה כולל שינויים לאחר הפקה זיהוי תקלות ועדכון מערכות מידע בקרת תקינות נתונים ועמידה בנהלי הרגולציה תאום בין מחלקות לצורך קידום תהליכים מה אנחנו מחפשים? ניסיון קודם בתחום תפעול/בק אופיס – יתרון משמעותי הכרות עם תחום המשכנתאות או הביטוח – יתרון שליטה מלאה ביישומי אופיס, בדגש על אקסל ואווטלוק ו – CRM סדר, דיוק ויכולת עמידה עם ריבוי משימות תודעת שירות גבוה ויחסי אנוש מצוינים יכולת עבודה עצמאית ובצוות כושר ביטוי גבוה בכתב ובע""פ היקף משרה: מלאה 8.5 שעות ביום חמישי מקוצר 6 שעות אנחנו על המפה: רמת גן - קרוב לרכבת סבידור מרכז",
Data Engineer,הראל,בית מ.א.ה,2026-07-01,https://career.adamtotal.co.il/Jobs/JobDetails?token=NWk1WHJWZkVhOEFXdFROZnNleGR5a21kZllIaGd2WU5MUVJoaDROTFdOUDRNemxzdkMwM0xZb0dNTXZJaDZiSmlUS2lIekxwU0s5N0lGU0tjMkFpY3c9PQ==&shr=&eid=,אגף דאטה,onsite,harel,"איך ייראה היומיום שלך ? תכנון, פיתוח ותפעול Lakehouse ארגוני על גבי Azure Databricks בניית Data Pipelines מודרניים מקצה לקצה על בסיס Delta Lake במודל Bronze / Silver / Gold פיתוח תהליכי Data Ingestion חכמים ממערכות ליבה, APIs ו־ Event Streams , כולל Incremental Loading ו־ CDC עבודה עם Unity Catalog לניהול Data Governance , הרשאות, Lineage ושיתוף נתונים מאובטח בין צוותים שימוש יומיומי ביכולות מתקדמות של Databricks : Workflows & Jobs Autoloader Delta Live Tables Structured Streaming עבודה שוטפת וצמודה עם Data Scientists ותמיכה ב־ ML Workflows הטמעה וניהול של MLflow : ניהול ניסויים Model Tracking Versioning ו־ Reproducibility בניית סטנדרטים ארגוניים ל־ Data Quality, Monitoring ו־ Observability אופטימיזציה של ביצועים ועלויות בסביבת Azure ( Cluster Sizing, Caching, Partitioning ) תמיכה בהקמת AI / Data Platform ארגונית התומכת ב־ Agents, Machine Learning ומוצרי דאטה מה אנחנו מחפשים? ניסיון של 3–5 שנים בתפקיד Data Engineer בסביבת Cloud ניסיון מעשי משמעותי עם Azure Databricks שליטה גבוהה ב־: Python SQL Spark / PySpark ניסיון בעבודה עם: Delta Lake Unity Catalog Databricks Workflows / Jobs ניסיון בבניית Data Pipelines בסביבת Production ניסיון בעבודה משותפת עם Data Scientists ו־ ML Pipelines היכרות עם MLflow לניהול מודלים וניסויים הבנה טובה של Data Modeling בסביבת Lakehouse ניסיון בעבודה עם Git ו־ CI/CD לתהליכי דאטה יכולת עבודה בצוות רב־תחומי, חשיבה מוצרית וראייה מערכתית על דאטה היקף משרה: משרה מלאה, ימים א'-ד' 8 וחצי שעות עבודה, יום ה' 6 שעות עבודה ( חמישי קצר) אנחנו על המפה: רמת גן, מת",
מאפיינת UX,הראל,רמת גן,2026-07-01,https://career.adamtotal.co.il/Jobs/JobDetails?token=NWk1WHJWZkVhOEFXdFROZnNleGR5a21kZllIaGd2WU5MUVJoaDROTFdOTzdnOE1GZnRqSlJqaFdzN0tqZUdUdmtYNmhsb1JscVFtOUhhaTJrRllVeUE9PQ==&shr=&eid=,מחלקת UX/UI,onsite,harel,"דרוש.ה מאפיין.ת ( UX ) לסטודיו חווית משתמש בחברת ביטוח מובילה. הזדמנות להיות חלק מצוות קריאטיבי ולהשפיע על מוצרים דיגיטליים המשמשים מיליוני לקוחות. איך ייראה היומיום שלך? תכנון ואפיון חוויית משתמש למוצרים דיגיטליים ניהול תהליך אפיון מקצה לקצה user flows, wireframes, prototypes וכתיבת מסמכי איפיון ביצוע UX research, usability testing ו benchmarking שיפור חוויית משתמש על בסיס נתונים ומשוב משתמשים מה אנחנו מחפשים? שליטה מלאה ב- Figma לפחות 4 שנות ניסיון ב- UX למוצרים דיגיטליים/מערכות מורכבות ניסיון בעבודה מול פיתוח ו- UI ניסיון בעבודה עם כלי AI יתרון בניסיון במערכות מורכבות יכולת פרזנטציה, קבלת ביקורת ועמידה מול ממשקים שונים היקף משרה: משרה מלאה, ימים א'-ד' 8 וחצי שעות עבודה, יום ה' 6 שעות עבודה אנחנו על המפה: רמת גן, מתחם הבורסה, צמוד לרכבת סבידור מרכז.",
מנהל\ת חשבונות ביטוח משנה,הראל,רמת גן,2026-07-01,https://career.adamtotal.co.il/Jobs/JobDetails?token=NWk1WHJWZkVhOEFXdFROZnNleGR5a21kZllIaGd2WU5MUVJoaDROTFdOTlo3RGp1Nmc3MStIcDdER3ByMHhvMElFSm0waTRxa2NKY0VNV0x6VlAzUXc9PQ==&shr=&eid=,מחלקת  הנהלת חשבונות ביטוח משנה,onsite,harel,"קבוצת הראל מגייסת מנהל/ת חשבונות מנוסה מחפש/ת את הצעד הבא בקריירה בסביבה מקצועית, יציבה ומובילה ? זו ההזדמנות שלך להצטרף אלינו לתפקיד מאתגר ומעניין בתחום הנהלת החשבונות, עם חשיפה לעבודה בינלאומית וממשקים מגוונים מה כולל התפקיד ? התחשבנות שוטפת מול חברות ביטוח משנה בחו״ל גבייה, ביצוע תשלומים, התאמות, ניתוחים ורישומים חשבונאיים הכנת ומשלוח דוחות וחשבונות לגורמים בחו״ל בירורים, התכתבות והשתתפות בפגישות מקצועיות בשפה האנגלית עבודה מול ממשקים פנים-ארגוניים וחוץ-ארגוניים רבים מה אנחנו מחפשים ? תעודת הנהלת חשבונות סוג 1+2 ניסיון של לפחות שנתיים יכולת ניתוח חשבונאית גבוהה וראייה מקצועית רחבה אנגלית ברמה גבוהה מאוד – קריאה, כתיבה ודיבור ניסיון בעבודה עם SAP ובוסנובה – יתרון משמעותי שליטה גבוהה ב - Excel כולל פונקציות מתקדמות משרה מלאה ימים א׳–ד׳ 8.5 שעות, יום ה׳ קצר - 6 שעות אנחנו יושבים ברמת גן, מתחם הבורסה, צמוד לרכבת סבידור מרכז ולרכבת הקלה",
חתם/ת בריאות וחיים,הראל,בית הראל רמת גן,2026-07-01,https://career.adamtotal.co.il/Jobs/JobDetails?token=NWk1WHJWZkVhOEFXdFROZnNleGR5a21kZllIaGd2WU5MUVJoaDROTFdOUE0xVjgvSXhwM0dsNktEL2FhUzdJK0dTZ2dKZGNuazdqbUtqQnU2aTFXbkE9PQ==&shr=&eid=,צוות 1 - חיתום בריאות וחיים,onsite,harel,"איך ייראה היומיום שלך? ביצוע חיתום (הערכת סיכון) עבור מועמדים/ות לביטוחי בריאות, ביטוחי חיים/משכנתא, פנסיה, אכ""ע, נסיעות לחו""ל . טיפול בבקשות ערעור, בדיקות חיתום בדיעבד. עבודה שוטפת עם מסמכים רפואיים בעברית ובאנגלית . עבודה שוטפת מול אנשי מקצוע בתחום, רופאים, מבטחי משנה . מתן מענה מקצועי בנושאי חיתום לגורמי פנים וחוץ חברה (מפקחים, סוכנים) . מה אנחנו מחפשים? ניסיון בתחום בריאות וחיים – חובה שליטה במושגים רפואיים בעברית ואנגלית – חובה יכולת עבודה בצוות, יכולת התמודדת עם מצבי לחץ, תודעת שירות גבוהה היקף משרה: משרה מלאה, ימים א'-ד', 8.5 שעות ביום, יום ה' 6 שעות, יום עבודה מהבית לאחר תקופת ההכשרה מיקום משרה: רמת גן, מתחם הבורסה, צמוד לרכבת סבידור מרכז ולרכבת הקלה",
רפרנט/ית משכנתאות,הראל,בית מ.א.ה,2026-07-01,https://career.adamtotal.co.il/Jobs/JobDetails?token=NWk1WHJWZkVhOEFXdFROZnNleGR5a21kZllIaGd2WU5MUVJoaDROTFdOUFBOMFhHdkV3cC9ISThjSFBsQUhZY0paYW1ZR3lUUTdsV0t2OVFwNWZOSkE9PQ==&shr=&eid=,משכנתאות ומשכנתא לגיל השלישי,onsite,harel,"דרוש/ה רפרנט/ית משכנתאות, משרה היברידית, חמישי קצר! הראל ביטוח ופיננסים מחפשת רפרנט/ית משכנתאות מקצועי/ת להצטרפות לצוות מנוסה, משפחתי ומוביל בתחומו. התפקיד כולל אחריות אישית, ניהול הקשר עם לקוחות קיימים, מתן שירות מקצועי ואיכותי לאורך חיי ההלוואה, לצד עבודה ישירה מול גורמים בכירים ולקוחות. איך יראה היומיום שלך? מתן מענה מקצועי ללקוחות קיימים וחדשים. טיפול בפניות לשינויים בהלוואה ( פריסות, דחיות, עדכונים) מתן מידע שוטף על מצב ההלוואה ותשלומים זיהוי צרכים והזדמנויות להעמקת פעילות קשר שוטף עם משווקים, יועצי משכנתאות וגורמים פנים ארגוניים עמידה ביעדי ביצוע כמותיים ואיכותיים מה אנחנו מחפשים? ניסיון קודם כרפרנט/ית משכנתאות / אשראי – יתרון ניסיון והכרות טובה עם תחום המשכנתאות כולל רגולציה ותקנות בתחום זה – יתרון תואר ראשון – יתרון ניסיון בשירות לקוחות/ גבייה - חובה הכרות עם מערכות לניהול הלוואות , מערכות CRM ושליטה ביישומי מחשב כישורי שירות , יחסי אנוש ועבודה מול ממשקים אחראיות אישית, יוזמה ופרואקטיביות ,מעורבות ומחויבות סדר, ארגון ויכולת עבודה עם ריבוי משימות היקף המשרה משרה מלאה (יום היברידי אחד בשבוע עפ""י החלטת מנהל). ימים א'- ה', 8.5 שעות ביום, שעות נוספות עפ""י דרישה. אנחנו על המפה רמת גן, מתחם הבורסה. צמוד לרכבת סבידור מרכז.",
רכז/ת פרויקטים ג'וניור,הראל,בית הראל רמת גן,2026-07-01,https://career.adamtotal.co.il/Jobs/JobDetails?token=NWk1WHJWZkVhOEFXdFROZnNleGR5a21kZllIaGd2WU5MUVJoaDROTFdOT1BGVzlGWUY2ZE15a3I4SERjYVlrY25hV25Ec3VJbXZKVm1sY0YvTzFOZUE9PQ==&shr=&eid=,מחלקת דוחות ומידע,onsite,harel,"דריסת רגל בתחום ריכוז פרויקטים עם יתרון משמעותי לבעלי רקע בתחום פנסיה, גמל וחיים! איך ייראה היומיום שלך ? הובלה ותיאום פרויקטים בתחומי דוחות, מכתבים ומערכת דימות גיבוש וכתיבת דרישות עסקיות בתחום חסכון ארוך טווח ממשקי עבודה מול החטיבות העסקיות והטכנולוגיות ניהול הפרויקט משלב הגדרת הצורך העסקי ועד הטמעת התהליך ליווי המשימות והנעת הגורמים המעורבים בפרויקט טיפול בתקלות ופניות להרשאות עבודה מעמיקה עם נתונים, ניתוחם והפקת תובנות באמצעות מערכות וכלים ייעודיים מה אנחנו מחפשים? הכרות וניסיון בתחום פנסיה גמל וחיים - יתרון משמעותי ניסיון באקסל, SQL , דוחות קוגנוס - יתרון היקף משרה: משרה מלאה, נכונות לשעות נוספות לפי צורך ימים א'-ד', 8.5 שעות ביום, יום חמישי 6 שעות בלבד! אנחנו על המפה: רמת גן, מתחם הבורסה, צמוד לרכבת סבידור מרכז",
רפרנט/ית ניתוחים,הראל,רמת גן,2026-07-01,https://career.adamtotal.co.il/Jobs/JobDetails?token=NWk1WHJWZkVhOEFXdFROZnNleGR5a21kZllIaGd2WU5MUVJoaDROTFdOUHlKZWxlMmUzTEZ0amp4YUZDTjR4Y05ZZVFxczN1bTJITWdvQ2FlcENvM2c9PQ==&shr=&eid=,מרכזי שרות אפגרייד ומחלות קשות,onsite,harel,"איך ייראה היום שלך? תפקיד המשלב שירות ותפעול – מענה למבוטחים וסוכנים בנושא תביעות טיפול בחשבונות ספקים, מנתחים ובתי חולים הנחיית מבוטחים וסוכנים על אופן הגשת תביעה ליווי אירוע רפואי מול המבוטח/סוכן מה אנחנו מחפשים? ניסיון בשירות לקוחות – חובה ניסיון בתחום הביטוח- יתרון היקף משרה : משרה מלאה, 8.5 שעות ביום, 07.45-16.15. אנחנו על המפה : רמת גן, מתחם הבורסה סמוך לרכבת סבידור מרכז.",
פקיד/ה בקרה ופרויקטים הראל גמל,הראל,בית הראל רמת גן,2026-07-01,https://career.adamtotal.co.il/Jobs/JobDetails?token=NWk1WHJWZkVhOEFXdFROZnNleGR5a21kZllIaGd2WU5MUVJoaDROTFdOTjZNa29STGpLaWhaclNTMUVMclBPQWhTRVBsWDBsUTc3eFFVMURiS0lad2c9PQ==&shr=&eid=,איתור עמיתים ומוטבים,onsite,harel,"איך ייראה היומיום שלך ? קליטת בקשות לבירורי זכויות וביצוע פדיונות לכספי נפטר ביצוע תהליך סיווג מוטבים בפנסיה ובגמל יצירת קשר טלפוני עם העמיתים מנותקי הקשר לשם חיבור מחדש הכנת דוחות של מנותקי קשר ונפטרים, ויכולת ניתוח נתונים לשם הצגתם בדוחות הכספיי מה אנחנו מחפשים? ניסיון בתחום הביטוח \ פיננסים או תואר ראשון – חובה שליטה ביישומי ה-Office, בדגש על שליטה מלאה ב-Excel VLOOKUP + PIVOT - יתרון היקף משרה: משרה מלאה, 8.5 שעות ביום בימים א'-ד', 6 שעות ביום ה' אנחנו על המפה: רמת גן, מתחם הבורסה, צמוד לרכבת סבידור מרכז ולרכבת הקלה",
מיישב/ת תביעות - זמנית,הראל,רמת גן,2026-07-01,https://career.adamtotal.co.il/Jobs/JobDetails?token=NWk1WHJWZkVhOEFXdFROZnNleGR5a21kZllIaGd2WU5MUVJoaDROTFdOUGEvdS9HakF1c2tMdkNML0dvYUFyNVNFRVlwMm52cUtFSW5uS3UxR1Z4T0E9PQ==&shr=&eid=,צוות משפטי ותביעות קטנות,onsite,harel,"ישוב תביעות שיבוב איך ייראה היומיום שלך? ניהול וטיפול בתביעות בתחום הרכב יישוב תביעות משפטיות בדיקה, אימות נתונים וכיסוי ביטוחי השלמת מסמכים ומידע חסר למול סוכנים ותובעים ממשק מול חברות ביטוח /עו""ד וגורמים נוספים ניהול משא ומתן מה אנחנו מחפשים? ניסיון בעולם הרכב - יתרון משמעותי עו""ד/ משפטן – יתרון ניסיון בתחום תביעות רכב - יתרון משמעותי היקף משרה: משרה מלאה ימים א'-ד', 8.5 שעות, חמישי קצר אנחנו על המפה: פ""ת, תחנת הרכבת הקלה 3 דקות הליכה",maternity_cover
נציג/ת חידושי ביטוח דירה,הראל,פתח תקוה,2026-07-01,https://career.adamtotal.co.il/Jobs/JobDetails?token=NWk1WHJWZkVhOEFXdFROZnNleGR5a21kZllIaGd2WU5MUVJoaDROTFdOUFJVUGtoaEVwTkx5Q0FYbEEycnBFOHozNGZqY2Q3eUtlUTVQT05nVlQzTHc9PQ==&shr=&eid=,וריטס - פעילות אקסטרא ופוליסע,onsite,harel,במסגרת התפקיד: מכירת חידושי ביטוח דירה שיחות יוצאות ללקוחות במטרה לחדש את הפוליסה עבודה עם מספר מערכות במקביל *הכשרה מלאה על חשבון החברה וליווי מלא בתפקיד! היקף משרה: משרה מלאה – א'-ה' 8.5 שעות יום שישי לסירוגין מיקום המשרה: פתח תקווה – על ציר ראשי של ז'בוטינסקי בסמוך לרכבת הקלה,
נציג/ת שירות ומכירה תביעות אלמנטרי,הראל,פתח תקוה,2026-07-01,https://career.adamtotal.co.il/Jobs/JobDetails?token=NWk1WHJWZkVhOEFXdFROZnNleGR5a21kZllIaGd2WU5MUVJoaDROTFdOUE5yZzUvbXZ5eFdjSUNQV0RyVmlXc0YwYkZlWHJ2alI2SnVRcEtZbEdFd0E9PQ==&shr=&eid=,מחלקת רכב רכוש מסלול מהיר ושירות,onsite,harel,"הצטרפו לצוות השירות ומכירה של תביעות אלמנטרי - ביטוחי רכב ודירה. העבודה בסביבה צעירה עם אווירה טובה ומוקד בוטיקי. מתן מענה ללקוחות החברה בשיחות נכנסות על פוליסיות, בקשות ותשלומים, מוסכי הסדר ועוד. אנו מחפשים א.נשים עם אנרגיה טובה, יכולת התבטאות ברמה טובה ובעלי מוטיבציה ללמוד ולהתפתח. אצלנו תהיו עובדי חברה כבר מהיום הראשון, תקבלו קרן השתלמות, עבודה מהבית, שכר חודשי גבוה ועוד המון הטבות והפתעות! משרה מלאה א'-ה', כולל משמרת ערב אחת לשבוע ויום שישי אחת לחודש. פתח תקווה, על ציר ראשי של ז'בוטינסקי (סמוך לרכבת הקלה)",
מיישב/ת תביעות,הראל,פתח תקוה,2026-07-01,https://career.adamtotal.co.il/Jobs/JobDetails?token=NWk1WHJWZkVhOEFXdFROZnNleGR5a21kZllIaGd2WU5MUVJoaDROTFdOUGxrdy9KelJLNjlZVzhaQUEzSUFuVTM5RWRjcXZzZG9tbm5COEFCOCtHQXc9PQ==&shr=&eid=,צוות משפטי ותביעות קטנות,onsite,harel,"אוהבים משא ומתן ועמידה מול קהל? בואו לפתח קריירה בעולם התביעות , ללא ניסיון! מחפשים תפקיד שמשלב תקשורת בין-אישית, ניהול תהליכים, הופעה בבתי משפט וקבלת החלטות? זו ההזדמנות שלכם להשתלב בתפקיד מקצועי ומרתק בתחום המשפטי! איך ייראה היומיום שלך? תפקיד דינמי ומשמעותי הכולל ניהול מקצה לקצה של תביעות קטנות בתחום הרכב- החל מקבלת כתב התביעה, דרך ניתוח המקרה ועד לייצוג החברה בבתי משפט ברחבי הארץ. העבודה כוללת הופעה מול קהל (שופטים, תובעים ועדים), הצגת טיעונים באופן רהוט, אסרטיבי ומשכנע, ניהול מו""מ, הכנת כתבי טענות, הכנת עדים לחקירות, ניסוח החלטות, ועבודה שוטפת מול ממשקים פנים וחוץ ארגוניים. מה אנחנו מחפשים? • ניסיון במכירות- יתרון משמעותי (יתרון לבעלי רקע מסוכנויות רכב, מכירות פרונטליות/טלפוניות) • רישיון נהיגה- חובה • יכולות שכנוע טובות ומו""מ- חובה • ניסיון בהדרכה- יתרון משמעותי • יכולת ורבלית גבוהה ויכולת ביטוי מצוינת בכתב ובעל פה • אסרטיביות, ביטחון עצמי ויכולת עמידה מול קהל היקף משרה: משרה מלאה, ימים א'-ד' 8 וחצי שעות עבודה, יום ה' 6 שעות עבודה ( חמישי קצר). אנחנו על המפה: פתח תקווה, על ציר ראשי של ז'בוטינסקי, צמוד לרכבת הקלה",
פקיד/ה בקרה ופרויקטים,הראל,בית הראל רמת גן,2026-07-01,https://career.adamtotal.co.il/Jobs/JobDetails?token=NWk1WHJWZkVhOEFXdFROZnNleGR5a21kZllIaGd2WU5MUVJoaDROTFdOTmZMWC95eitJamo3VnhndzJhTktpdkRKQjVVUkl4Mlp5VjN2SWpzNFpNR3c9PQ==&shr=&eid=,איתור עמיתים ומוטבים,onsite,harel,"איך ייראה היומיום שלך ? קליטת בקשות לבירורי זכויות וביצוע פדיונות לכספי נפטרים ביצוע תהליך סיווג מוטבים בפנסיה ובגמל יצירת קשר טלפוני עם העמיתים מנותקי הקשר לשם חיבור מחדש הכנת דוחות של מנותקי קשר ונפטרים, ויכולת ניתוח נתונים לשם הצגתם בדוחות הכספיי מה אנחנו מחפשים? ניסיון בתחום הביטוח \ פיננסים או תואר ראשון – חובה שליטה ביישומי ה-Office, בדגש על שליטה מלאה ב-Excel VLOOKUP + PIVOT - יתרון היקף משרה: משרה מלאה, 8.5 שעות ביום בימים א'-ד', 6 שעות ביום ה' אנחנו על המפה: רמת גן, מתחם הבורסה, צמוד לרכבת סבידור מרכז ולרכבת הקלה",
רפרנט/ית בקרה במטה,הראל,בית הראל רמת גן,2026-07-01,https://career.adamtotal.co.il/Jobs/JobDetails?token=NWk1WHJWZkVhOEFXdFROZnNleGR5a21kZllIaGd2WU5MUVJoaDROTFdOTW5LTWF4ZEkwc1dFWkpMMTNOVWhxaVo3RmhxMkNDWVBod1FJS1Y0WCtmelE9PQ==&shr=&eid=,מטה - אגף פרט,onsite,harel,"הזדמנות להשתלב בתפקיד מטה ולהכיר מקרוב תהליכים ארגוניים, עבודה עם נתונים ועולמות הבקרה . איך ייראה היומיום שלך ? ביצוע בקרות שוטפות על תהליכים פנים-ארגוניים בהתאם לנהלים בדיקת נתונים ודיווחים ואיתור פערים וחריגות תיעוד ממצאים והעברתם לגורמים הרלוונטיים הפקת דוחות בקרה שוטפים מעקב אחר טיפול בליקויים ועדכון סטטוס עבודה מול ממשקים שונים בארגון: חיתום, תביעות, כספים, טכנולוגיה ועוד מה אנחנו מחפשים? היכרות עם Excel ויכולת עבודה עם נתונים - חובה ניסיון קודם בעבודה עם נתונים / דוחות – יתרון היכרות עם תחום הביטוח האלמנטרי – יתרון ניסיון קודם בתפקידים תפעוליים / שירותיים – יתרון היקף משרה: משרה מלאה, ימים א'-ד' 8.5 שעות ביום, יום ה' 6 שעות, יום עבודה מהבית לאחר תקופת הכשרה אנחנו על המפה: רמת גן, צמוד לרכבת סבידור מרכז ולרכבת הקלה",
מיישב/ת תביעות תרופות והשתלות,הראל,בית הראל רמת גן,2026-07-01,https://career.adamtotal.co.il/Jobs/JobDetails?token=NWk1WHJWZkVhOEFXdFROZnNleGR5a21kZllIaGd2WU5MUVJoaDROTFdOUDNSSndGMzlhNXhNQkVtWG1KUHhZaFRoelozMERPaWpyZUtkOWFnMU9pcUE9PQ==&shr=&eid=,תחום תרופות השתלות טיפולים מיוחדים וניתו,onsite,harel,"איך יראה היומיום שלך? טיפול מקיף בתביעה, משלב הפנייה ועד לקבלת ההחלטה הסופית בדיקת זכאות על פי תנאי הפוליסה והבטחת מיצוי זכויות המבוטח קריאה והבנה של מסמכים רפואיים בעברית ובאנגלית עבודה שוטפת מול מחלקות פנימיות וגורמים חיצוניים מה אנחנו מחפשים ? ניסיון קודם בתחום התפעול/שירות היכרות עם עולם הביטוח – יתרון ניסיון קודם כמיישב\ת תביעות- יתרון יכולת ניסוח גבוהה בכתב ובעל פה , הקפדה על דיוק ותשומת לב לפרטים אנגלית שליטה מלאה היקף משרה: משרה מלאה, ימים א'-ה' 8 שעות אנחנו על המפה: רמת גן, מתחם הבורסה, צמוד לרכבת סבידור מרכז",
נציג/ת קבלת קהל - ללא ניסיון!,הראל,בית מ.א.ה,2026-07-01,https://career.adamtotal.co.il/Jobs/JobDetails?token=NWk1WHJWZkVhOEFXdFROZnNleGR5a21kZllIaGd2WU5MUVJoaDROTFdOT3F5UzhMd0FhNitzdzdFdm5DdUNHbGVRMGZhcmlCQjhPcWkrQkdqUmIybHc9PQ==&shr=&eid=,מוקד שירות - דקלה,onsite,harel,"אנו מגייסים נציג/ת קבלת קהל באווירה צעירה ודינמית , אם את/ה בעל/ת גישה שירותית, אנרגיה טובה ויחסי אנוש מצוינים - זה בול בשבילך! התפקיד כולל קבלת לקוחות החברה באופן פרונטלי, מתן מידע, הכוונה ומענה שוטף - תוך יצירת חוויית שירות נעימה ומקצועית . בוא/י ליהנות ממגוון הטבות ושלל פינוקים - שכר מתגמל, קרן השתלמות ויום מחלה מהיום הראשון ! משרה מלאה א'-ה', 8.5 שעות ביום . אנו יושבים ברמת גן, מתחם הבורסה (סמוך לרכבת סבידור מרכז והרכבת הקלה) השאיר/י פרטים ונחזור אלייך בהקדם 👌",
מנהל/ת השקעות קרנות נאמנות,הראל,בית מ.א.ה,2026-07-01,https://career.adamtotal.co.il/Jobs/JobDetails?token=NWk1WHJWZkVhOEFXdFROZnNleGR5a21kZllIaGd2WU5MUVJoaDROTFdOUGpNOUhpMzdDR3NxZFloRVZYSmc1NzdDaldnUWNoNDNmUEpCc0UyeHRob2c9PQ==&shr=&eid=,השקעות קרנות אקטיביות,onsite,harel,"איך ייראה היומיום שלך ? בחירת השקעות וניהולן בתיק ההשקעות של הקרן מעקב אחרי דיווחי שוק וניתוח אנליזות למנפיקים השתתפות בפגישות של מנהלי השקעות ומענה מקצועי רלבנטי בקשר לקרנות הנאמנות עמידה בנהלי עבודה הקשורים בהוראות רגולציה שונות. מה אנחנו מחפשים? תואר BA בכלכלה/מימון רישיון ניהול תיקי השקעות מינימום שנתיים ניסיון בתחומים הבאים: ניהול קרנות נאמנות / ניהול תיקי אג""ח / מסחר ת""א / אנליזה ת""א היקף משרה: משרה מלאה, ימים ב'-ו', 8.5 שעות ביום אנחנו על המפה: רמת גן, מתחם הבורסה, צמוד לרכבת סבידור מרכז ולרכבת הקלה",
חתם/ת פרט,הראל,בית הראל רמת גן,2026-07-01,https://career.adamtotal.co.il/Jobs/JobDetails?token=NWk1WHJWZkVhOEFXdFROZnNleGR5a21kZllIaGd2WU5MUVJoaDROTFdOUHMwNXJUdHRLQXFWS0s0Z0NwWEgrdVd2alR3bEZMZmNqZzJUTSswbWlUSkE9PQ==&shr=&eid=,צוות 3 - מחוז המשמר,onsite,harel,"איך ייראה היומיום שלך ? חיתום פרט, ענפי רכב וענפי דירות הפעלה מתן שרות ועידוד קבוצת סוכנים לעבודה מול החברה הפקת מסמכים, הצעות ביטוח, שליחת פוליסה בדיקה/ בקרה על הפוליסה והתאמתן להצעות ובקשות בדיקת זכאויות / אישורים עבודה מתבצעת מול סוכנים ועובדים נוספים בצוות, במחוז ובחברה מה אנחנו מחפשים? ניסיון בחיתום פרט בדגש על ביטוח כלי רכב ודירות - חובה שליטה ביישומי מחשב בתחום הביטוח האלמנטרי - חובה השכלה בתחום הביטוח - יתרון משמעותי היקף משרה: משרה מלאה, ימים א'-ד', 8.5 שעות ביום, יום ה' 6 שעות אנחנו על המפה: רמת גן, מתחם הבורסה צמוד לרכבת סבידור מרכז",
מנהל/ת שיווק השקעות - קרנות נאמנות,הראל,בית מ.א.ה,2026-07-01,https://career.adamtotal.co.il/Jobs/JobDetails?token=NWk1WHJWZkVhOEFXdFROZnNleGR5a21kZllIaGd2WU5MUVJoaDROTFdOT3U5cmFVaUJxM1dnNENwWHlBUm9nTlljeDdDZHJDbzdGZlpFYkR0Rk1zdHc9PQ==&shr=&eid=,מערך שיווק בנקים הראל פיננסים,onsite,harel,"איך ייראה היומיום שלך ? אנחנו מגייסים מנהל/ת שיווק השקעות להראל פיננסים עם ניסיון של לפחות 3 שנים בשיווק קרנות נאמנות ובעל/ת תואר ראשון. אז אם את/ה בעל/ת אוריינטציה שיווקית ויכולת מכירה גבוהה, יודע/ת להתבטא בעל פה ובכתב מצוין ובעל/ת יחסי אנוש מצוינים, אותך אנחנו מחפשים. אם את/ה בעל/ת רישיון שיווק השקעות יש לך יתרון משמעותי. מה אנחנו מחפשים? אנחנו מגייסים מנהל/ת שיווק בנקים להראל פיננסים עם ניסיון של לפחות 3 שנים בשיווק קרנות נאמנות ובעל/ת תואר ראשון. אז אם את/ה בעל/ת אוריינטציה שיווקית ויכולת מכירה גבוהה, יודע/ת להתבטא בעל פה ובכתב מצוין ובעל/ת יחסי אנוש מצוינים, אותך אנחנו מחפשים. אם את/ה בעל/ת רישיון שיווק השקעות יש לך יתרון משמעותי. היקף משרה: משרה מלאה אנחנו על המפה: רמת גן, מתחם הבורסה, צמוד לרכזת סבידור מרכז ולרכבת הקלה",
אחראי/ת משמרת לאגף שירות הלקוחות,הראל,פתח תקוה,2026-07-01,https://career.adamtotal.co.il/Jobs/JobDetails?token=NWk1WHJWZkVhOEFXdFROZnNleGR5a21kZllIaGd2WU5MUVJoaDROTFdOTUdVb29WdURRNUtnelYrSEhNcUhRUEp0c2RLOVpOdkRtdmx2bDFGdzUzaUE9PQ==&shr=&eid=,צוות זמינות ומשאבים,onsite,harel,"אנחנו מחפשים אחראי.ת משמרת לצוות הניהול שלנו בוא.י לקחת חלק משמעותי בהובלת פעילות השירות בארגון גדול, דינמי ומוביל בתחומו! במסגרת התפקיד ניהול והובלת משמרת תוך עמידה ביעדים תפעוליים תיעדוף משימות וניהול עומסים בזמן אמת בהתאם לצרכי הארגון הובלת תהליכי שיפור בעלי השפעה רחבה על ביצועי האגף עבודה שוטפת מול ממשקים פנימיים והשפעה על תהליכי קבלת החלטות ניטור ביצועים, ניתוח נתונים והפקת תובנות תמיכה בנציגי האגף וסיוע בתפעול המערכות הכנת דו""חות זמינות למנהלי האגף מה אנחנו מחפשים? ניסיון כתומך מקצועי / נציג בכיר / מגבה תמיכה / מגבה אחמ""שיה – חובה אחריות אישית גבוהה, סדר ויכולת הנעה והשפעה עבודה בסביבה מרובת משימות יכולת ניהול עומסים ועמידה בתנאי לחץ יכולת עבודה מול ממשקים, יחסי אנוש ותודעת שירות גבוהה היקף משרה: משרה מלאה, ימים א'-ה' 7:35-16:15 עם נכונות לעבודה בשעות נוספות אנחנו על המפה: פתח תקווה, סמוך לציר ז'בוטינסקי ולרכבת הקלה",
מזכיר/ת יחידת מפקחים,הראל,בית הראל רמת גן,2026-07-01,https://career.adamtotal.co.il/Jobs/JobDetails?token=NWk1WHJWZkVhOEFXdFROZnNleGR5a21kZllIaGd2WU5MUVJoaDROTFdOTVI1NHh1b01iWXRzTnZSM3ROVG5QSzBmTUtlVjhqQU5oUXNxZ3hOb1QxMmc9PQ==&shr=&eid=,יחידת מפקחים מחוז המשמר90000207,onsite,harel,"איך ייראה היומיום שלך ? תיאום וניהול פגישות ניהול יומנים של מנהל המחלקה מתן מענה טלפוני ופרונטלי סיוע ותמיכה לראשי הצוותים טיפול בדואר משפטי עבודה מול ממשקים פנימיים וחיצוניים לימוד והכשרה בנושאים המקצועיים של המחלקה, לרבות היכרות עם עולם הביטוח מה אנחנו מחפשים? ניסיון של שנה ומעלה בתפקיד מזכירותי / אדמיניסטרטיבי – חובה שליטה ביישומי מחשב ועבודה בסביבה ממוחשבת – חובה היכרות עם עולם הביטוח – יתרון היקף משרה: משרה מלאה, ימים א'-ד', 8.5 שעות ביום, יום ה' 6 שעות אנחנו על המפה: רמת גן, מתחם הבורסה צמוד לרכבת סבידור מרכז",
נציג/ת מכירות – ביטוח חיים ובריאות,הראל,בית מ.א.ה,2026-07-01,https://career.adamtotal.co.il/Jobs/JobDetails?token=NWk1WHJWZkVhOEFXdFROZnNleGR5a21kZllIaGd2WU5MUVJoaDROTFdOTUdyNU1zb1QzY2lldVBjaDA3T3o2T1pGL1NJTVBBcTJPS08vdFh4M3RmVUE9PQ==&shr=&eid=,הדרכה90009754,onsite,harel,"איך יראה היומיום שלך? שיחות יוצאות ללקוחות 5 משמרות בשבוע כולל ימי שישי פעם בחודש שכר בסיס + הגנת שכר + בונוסים גבוהים הכשרה ע""ח החברה ובנוסף ליווי מלא בחודשים הראשונים לתפקיד . זכאות לביטוח בריאות פרטי תחרויות ופרסים באווירה כיפית אופציות קידום והתפתחות נרחבות! מענקים נוספים על פי ותק עובד במהלך השנה מה אנחנו מחפשים? ניסיון במכירות/במוקד מכירות טלפוני - יתרון משרה מלאה מיקום רמת גן, מתחם הבורסה בצמוד לרכבת סבידור מרכז ולרכבת הקלה",
עורכ/ת דין מיישב/ת תביעות מחוז תעשייה,הראל,בית הראל רמת גן,2026-07-01,https://career.adamtotal.co.il/Jobs/JobDetails?token=NWk1WHJWZkVhOEFXdFROZnNleGR5a21kZllIaGd2WU5MUVJoaDROTFdOTmlmZHZ4TmRwL25nc1J3dUxaR3JSMGtnQWR1WkloOFJUZ1QySVptYzVDaGc9PQ==&shr=&eid=,תביעות תעשייה וסיכונים מיוחדים,onsite,harel,"איך ייראה היומיום שלך ? טיפול בתביעות בכל סוגי פוליסות הרכוש והחבויות רכוש כגון פוליסות אש, עבודות קבלניות, שבר מכני, צד ג', אחמ""ק, אחריות מוצר ועוד. ניהול תיקי התביעה מרגע קבלת ההודעה, בדיקת כיסויי ביטוחי ומתן הנחיות לשמאים ומומחים אחרים. התנהלות מול גורמי פנים וחוץ ובכלל זה יועצי ביטוח ,יועצים משפטיים, סוכנים, מנהלי תחום ביטוח בחברות השונות, מחלקת ביטוח משנה, מחלקת חיתום. מה אנחנו מחפשים? תואר ראשון במשפטים- עו""ד מוסמך- חובה ניסיון בתביעות רכוש וחבויות רכוש של שנתיים לפחות מחברת ביטוח/ סוכנות/ משרד פרטי - חובה ניסיון בתביעות רכוש בתעשייה ועסקים גדולים אנגלית ברמה טובה היקף משרה: משרה מלאה, ימים א'-ד', 8.5 שעות ביום, יום ה' 6 שעות אנחנו על המפה: רמת גן, מתחם הבורסה, צמוד לרכבת סבידור מרכז ולרכבת הקלה",
נציג/ת תיאום פגישות [10100],הראל,גוש דן,2026-07-01,https://career.adamtotal.co.il/Jobs/JobDetails?token=NWk1WHJWZkVhOEFXdFROZnNleGR5a21kZllIaGd2WU5MUVJoaDROTFdOUHJPR1cyWm5NNy9kNnhLTWJGMmdHUnVnM1g0TDhXMmZjaTIzcDV0ZmZnTlE9PQ==&shr=&eid=,קורס הדרכה,onsite,harel,"איך ייראה היומיום שלך ? שיחות יוצאות ללקוחות לתיאום פגישה עבודה טלפונית עם לידים קרים עבודה בצוות עובד/ת חברה מהיום הראשון! זכאות לביטוח בריאות אחרי חצי שנה תחרויות ופרסים באווירה כיפית אופציות קידום והתפתחות נרחבות! מה אנחנו מחפשים? אנחנו מחפשים אנשים בעלי זיקה שירותית, עם אנרגיה מעולה ובעלי רצון ללמוד ולהתפתח! לא נדרש ניסיון קודם! היקף משרה: 70% משרה - רק 6 שעות עבודה ביום! 5 משמרות בשבוע, שישי אחת ל-3 שבועות אנחנו על המפה: רמת גן - בצמוד לרכבת סבידור מרכז ולרכבת הקלה.",
נציג/ת שירות לקוחות חיים ופנסיה,הראל,גוש דן,2026-07-01,https://career.adamtotal.co.il/Jobs/JobDetails?token=NWk1WHJWZkVhOEFXdFROZnNleGR5a21kZllIaGd2WU5MUVJoaDROTFdOTThZcVpobUUvL3M5dGEyKzhnSjJqRVVOM2M3T0g1akw3SFpsRmg1QWRyN2c9PQ==&shr=&eid=,"מוקדי שירות לקוחות חא""ט",onsite,harel,"איך יראה היום יום שלך? מענה לשיחות נכנסות ללקוחות החברה בתחומי ביטוח מרתקים ! בין היתר - מסירת מידע בנוגע לכספי המבוטחים, הסבר על פרוצדורות, עדכון סטאטוס בקשת לקוח ועוד מה אנחנו מחפשים? אנחנו מחפשים אנשים בעלי זיקה שירותית, עם אנרגיה מעולה ובעלי רצון ללמוד ולהתפתח לא נדרש ניסיון קודם! עובד.ת חברת הראל החל מהיום הראשון קרן השתלמות לאחר כשנה עבודה מהבית אחת לשבוע והכשרה על חשבוננו! ביטוח בריאות מקיף לאחר חצי שנה מסלולי קריירה וקידום מקצועי היקף משרה: א'-ה', 7:35-16:15 + נכונות לשעות נוספות פעמיים בשבוע עד השעה 18:00. קיימת אופציה למשרת הורה (לאחר תקופת הכשרה מלאה של חודש) אנחנו על המפה פתח תקווה, על ציר ראשי של ז'בוטינסקי .",
נציג/ת תיאום פגישות,הראל,משרה חמה,2026-07-01,https://career.adamtotal.co.il/Jobs/JobDetails?token=NWk1WHJWZkVhOEFXdFROZnNleGR5a21kZllIaGd2WU5MUVJoaDROTFdOT2RlUkQvUVM3RzUzekRLNmRsYkpRL284c0VRNWhBMElZckYzNHBnOWREakE9PQ==&shr=&eid=,מחלקת מכירות,onsite,harel,"איך יראה היום יום שלך? שיחות יוצאות ללקוחות לתיאום פגישה עבודה טלפונית עם לידים קרים עבודה בצוות זכאות לביטוח בריאות אחרי חצי שנה תחרויות ופרסים באווירה כיפית אופציות קידום והתפתחות נרחבות! אנחנו מחפשים אנשים בעלי זיקה שירותית, עם אנרגיה מעולה ובעלי רצון ללמוד ולהתפתח! לא נדרש ניסיון קודם! היקף המשרה: 5 משמרות בשבוע, שישי אחת ל-3 שבועות.",
עובד/ת מנהלה תביעות סיעוד,הראל,בית מ.א.ה,2026-07-01,https://career.adamtotal.co.il/Jobs/JobDetails?token=NWk1WHJWZkVhOEFXdFROZnNleGR5a21kZllIaGd2WU5MUVJoaDROTFdOTXMwUDVvOTF1QXd5RFhYVWM4NGthNXBEVk1paUIyUU1DRVFmb0UwWWdHV0E9PQ==&shr=&eid=,צוות מנהלה תביעות סיעוד,onsite,harel,"איך ייראה היומיום שלך ? הכנת דוחות אקסל שוטפים עבור ספקים, ביצוע תהליכי בקרה ותפעול מול ספקים טיפול בחשבוניות וביצוע תשלומים לספקים בהתאם לנהלי עבודה מתן מענה מקצועי בנושאים שוטפים לגורמים שונים טיפול במקרי נפטרים, כולל הוצאת מכתבים למשפחות בנושא תשלומי יתר מה אנחנו מחפשים? ידע וניסיון בתוכנות אופיס בדגש על אקסל יכולת עבודה בצוות, תקשורת בין אישית טובה ושיתוף פעולה ראש גדול, אחריות אישית ויכולת עבודה על מספר משימות במקביל סדר ודיוק גבוהים, שירותיות ויכולת מתן מענה מקצועי לגורמים שונים היקף משרה: משרה מלאה, ימים א'-ד' 8.5 שעות, יום ה' - 6 שעות + נכונות לשעות נוספות במידת הצורך יום עבודה מהבית אנחנו על המפה: רמת גן, מתחם הבורסה, צמוד לרכבת סבידור מרכז",
רכז/ת סורסינג ומקורות גיוס,הראל,בית מ.א.ה,2026-07-01,https://career.adamtotal.co.il/Jobs/JobDetails?token=NWk1WHJWZkVhOEFXdFROZnNleGR5a21kZllIaGd2WU5MUVJoaDROTFdOT2w3YUJNVm1DT0ROY3JBdlJwTWxGMzFkY0U0MXJ0Y0dhVkRvd2VQWWFkTHc9PQ==&shr=&eid=,מחלקת גיוס90002861,onsite,harel,"אנחנו מגייסים רכז/ת סורסינג ומקורות גיוס אם עולם הגיוס מאתגר אותך, ובמיוחד כשזה מגיע לאיתור טאלנטים יצירתי ומדויק - אנחנו מחכים לך! מה התפקיד כולל? איתור מועמדים באופן פרואקטיבי ברשתות ופלטפורמות מקצועיות פיתוח מקורות גיוס חדשים יצירת קשרים ושת""פ עם גורמים שונים בארגון ומחוצה לו עבודה עם כלים, מערכות וטכנולוגיות גיוס ניהול פרסומים ומיתוג מעסיק בפלטפורמות שונות מה חשוב לנו לראות אצלך? ניסיון קודם בתחום הגיוס / סורסינג – חובה יצירתיות, סקרנות, יכולת Head Hunting ואיתור טאלנטים זיקה טכנולוגית ושליטה בכלים דיגיטליים משרה מלאה, א'-ה' (חמישי קצר- 6 שעות עבודה) אנחנו ממוקמים בר""ג, מתחם הבורסה, בסמוך לרכבת סבידור מרכז ולרכבת הקלה",
רפרנט/ית דסק סוכנים,הראל,בית הראל רמת גן,2026-07-01,https://career.adamtotal.co.il/Jobs/JobDetails?token=NWk1WHJWZkVhOEFXdFROZnNleGR5a21kZllIaGd2WU5MUVJoaDROTFdOUHM5ekZkRDQwb1JsOFcrU3hMRDVodEtqY2FsTVFuTjhEL2NZbWM5VnJpbFE9PQ==&shr=&eid=,מחלקת דסק שרות לסוכן,onsite,harel,"איך ייראה היומיום שלך ? מתן מענה מקצועי לפניות סוכני ביטוח במיילים ובטלפון ביצוע עדכונים, מסירת מידע, הפקה וניתוח של דוחות טיפול בפדיונות, ניודים, הקמת בקשות ועוד מה אנחנו מחפשים? ניסיון בעבודה משרדית/ שירות לקוחות – יתרון משמעותי ניסיון מחברת ביטוח- יתרון היקף משרה: משרה מלאה, ימים א'-ד, 8.5 שעות ביום, יום ה'- 6 שעות אנחנו על המפה: רמת גן, מתחם הבורסה, צמוד לרכבת סבידור מרכז ולרכבת הקלה",
רפרנט/ית גביה,הראל,גוש דן,2026-07-01,https://career.adamtotal.co.il/Jobs/JobDetails?token=NWk1WHJWZkVhOEFXdFROZnNleGR5a21kZllIaGd2WU5MUVJoaDROTFdOUDhQMlFSV1RtOE1SNnErR2NhNFhiS2xYbVUwNzc5czJpaTR6TEVYM3ZtbGc9PQ==&shr=&eid=,צוות 3 - גביה אלמנטרי,onsite,harel,"איך ייראה היומיום שלך? גביה והתחשבנות מול סוכנים ולקוחות גדולים חישובי ריביות והצמדות תשלומי עמלות לסוכנים החזרי כספים למבוטחים, הגשת מכתבי תביעה לטיפול משפטי , הוצאת מכתבי ביטול ללקוחות טיפול בהוראות קבע, כרטיסי אשראי ואדמיניסטרציה שוטפת העבודה הינה מול גורמים פנים ארגוניים, סוכנים ולקוחות חיצוניים מה אנחנו מחפשים? ניסיון בגבייה/ עבודה בבנק/ חברות ביטוח/ עבודה עם כספים – חובה שליטה בעבודה עם מערכות אופיס – חובה תואר ראשון – יתרון היקף משרה: משרה מלאה, ימים א'-ד' 8 וחצי שעות עבודה, יום ה' 6 שעות עבודה ( חמישי קצר) אנחנו על המפה: רמת גן, מתחם הבורסה צמוד לרכבת סבידור מרכז",
אחרא\ית תחום יחידת מידל אופיס,הראל,גוש דן,2026-07-01,https://career.adamtotal.co.il/Jobs/JobDetails?token=NWk1WHJWZkVhOEFXdFROZnNleGR5a21kZllIaGd2WU5MUVJoaDROTFdOT3pSdEM2Qjg2WjA4REtsUU8vRWVFZVMxZ2tJbnRSKzF6eTZaekl4T2M3Zmc9PQ==&shr=&eid=,מחלקת מידל אופיס ותפעול סלי השקעה,onsite,harel,"איך ייראה היומיום שלך ? העברות כספיות (שקלים/מט""ח/ני""ע) עבור עסקאות המבוצעות בחטיבת ההשקעות ממשקי עבודה עם כל הבנקים בארץ וגם בחו""ל פעילות במערכות הבנקאיות תפעול סלי השקעה בניית דוחות חכמים במערכת BI הפקת דיווחים שוטפים לניהול ההשקעות, ועדות השקעה ודירקטוריונים טיפול באסיפות כלליות סביבת עבודה דינמית, תומכת עם לווי לאורך הדרך מה אנחנו מחפשים? ניסיון בתפקיד הכולל העברות כספיות בחברת ביטוח/ בית השקעות/בנק – חובה ניסיון במערכת דנאל \ שניר דייס – חובה יכולת הנעת צוות עובדים – יתרון אנגלית ברמה טובה (כתיבה ודיבור, לצורך ממשקים עם בנקים זרים) ראש גדול, מוטיבציה להתפתח בתחום תפעול השקעות היקף משרה: משרה מלאה, ימים א'-ד', 8.5 שעות ביום, יום ה' 6 שעות, שעות נוספות עפ""י דרישה אנחנו על המפה: רמת גן, מתחם הבורסה, צמוד לרכבת סבידור מרכז",
מכירות דקלה צפון,הראל,צפון,2026-07-01,https://career.adamtotal.co.il/Jobs/JobDetails?token=NWk1WHJWZkVhOEFXdFROZnNleGR5a21kZllIaGd2WU5MUVJoaDROTFdOTmhpTk9RR04raUZMcW1wbkxSRXg1bG54MDlKZDhyckZYYWwzZ1k2cGV3V0E9PQ==&shr=&eid=,מוקד מכירות סיעוד כרמיאל - דקלה,onsite,harel,"נציגים עם זיקה לעולם המכירות, לא חובה ניסיון קודם! שכר גבוה + בונוסים ללא תקרה! קרן השתלמות בוותק של שנה תן ביס מה אנחנו מחפשים? יכולת שכנוע תודעת שרות ומוטיבציה לעמידה ביעדים. יכולת עבודה בצוות. היקף המשרה ימים א'-ה, 8.5 שעות ביום, יש אפשרות למשרת אם עד השעה 15:00. אנחנו על המפה כרמיאל \ עפולה",
מנהל/ת  תפעול ובקרת נכסים אלטרנטיביים,הראל,בית מ.א.ה,2026-07-01,https://career.adamtotal.co.il/Jobs/JobDetails?token=NWk1WHJWZkVhOEFXdFROZnNleGR5a21kZllIaGd2WU5MUVJoaDROTFdOTldiL1gzTUtweGluaTVyODdJb0daMGQ5bUlDVXUyWXljNzAzNmJBMmo0Ymc9PQ==&shr=&eid=,מחלקת PE ביטוח פנסיה סלים ונדלן בארץ,onsite,harel,"איך ייראה היומיום שלך ? ניהול צוות עובדים בתחום קרנות השקעה, גידור ומניות לא סחירות תפעול שוטף של התחום - שערוכים, רישום קריאות וחלוקות, ממשק מול הקרנות עבודה על מערכת קרנות השקעה נתמכת BI ביצוע בקרות בתחום ההשקעות של הקבוצה עבודה מול ממשקים פנים וחוץ ארגוניים – SOX, רו""ח מבקר מה אנחנו מחפשים? ניסיון בתחום כ-5 שנים ומעלה, נסיון בניהול מינימום 2 שנים, עדיפות גבוהה לנסיון בתפעול בגופים דומים/ניסיון בבק אופיס תואר ראשון בכלכלה/מנהל עסקים – חובה אנגלית ברמה טובה - חובה ניסיון בני""ע לא סחירים (קרנות השקעה / גידור) אקסל ברמה גבוהה - חובה ידע בדנאל/פריים/ SAP ניירות ערך - חובה היקף משרה: משרה מלאה, ימים א'-ד' 8 וחצי שעות עבודה, יום ה' 6 שעות עבודה ( חמישי קצר) אנחנו על המפה: רמת גן, מתחם הבורסה צמוד לרכבת סבידור מרכז",
כלכלן/ית עובד/ת בק אופיס בתחום השקעות,הראל,בית מ.א.ה,2026-07-01,https://career.adamtotal.co.il/Jobs/JobDetails?token=NWk1WHJWZkVhOEFXdFROZnNleGR5a21kZllIaGd2WU5MUVJoaDROTFdOTkdTTW52U2gxWVIrVWxtb1ozT0NRd0p0N3pYZVhnbXlCNm5RcVJHSEh4OVE9PQ==&shr=&eid=,מחלקת תשואות וסחיר,onsite,harel,"איך ייראה היומיום שלך ? הקמת ושערוך השקעות מגוונות ומורכבות באמצעות מערכות תפעוליות של החברה ( כגון נגזרים , ני״ע זרים וכו..) ביצוע התאמות יומיות מול בנקים חישוב תשואות יומיות לקופות התנהלות מול מנהלי השקעות, בנקים , רואי חשבון , מבקרי פנים ומנהלי חשבונות מה אנחנו מחפשים? תואר ראשון בכלכלה/מנהל עסקים/חשבונאות/תעשייה וניהול- חובה. ידע וניסיון של כ- 4 שנים בתחום תפעול השקעות. רקע מתחום תפעול מכשירי השקעה שונים- יתרון משמעותי. ידע וניסיון במערכת פיננסיות : דנאל / פריים, בלומברג, BI - יתרון משמעותי. אנגלית ברמה גבוהה. יכולת עבודה תחת לחץ והתנהלות בסביבת עבודה מרובת משימות ומרובת לוחות זמנים. היקף משרה: משרה מלאה .ימים א'-ה', 8.5 שעות ביום ,שעות נוספות עפ""י דרישה . (המשרה כוללת עבודה היברידית). אנחנו על המפה: רמת גן, מתחם הבורסה, צמוד לרכבת סבידור מרכז",
ראש צוות - מחלקת תפעול,הראל,גוש דן,2026-07-01,https://career.adamtotal.co.il/Jobs/JobDetails?token=NWk1WHJWZkVhOEFXdFROZnNleGR5a21kZllIaGd2WU5MUVJoaDROTFdOUGJpL2dpRXVQUTdENXlxMFRoNmxmOUs0alRaTnkrWEI0SzlFazJFRkdkOUE9PQ==&shr=&eid=,מחלקת תפעול,onsite,harel,"איך ייראה היומיום שלך ? ניהול אישי ומקצועי של צוות עובדי תפעול ביצוע בקרות שוטפות ומשובים לעובדי הצוות טיפול בפניות מורכבות הפקה ותחקור דו""חות מחלקתיים תפעול ממשקים למול גורמים נוספים בחברה ומחוצה לה מה אנחנו מחפשים? אנחנו מגייסים ראש צוות הצטרפויות בתחום הפנסיה והגמל עם ניסיון ניהולי משמועתי. אז אתה שירותי/ת, בעל/ת יכולת הנעת עובדים וממשקים, יכולת עבודה תחת עומס וריבוי משימות, בעל ראייה מערכתית ורצון לעשייה, אותך אנחנו מחפשים. אם הרקע והניסיון הם בפנסיה וגמל, יש לך יתרון משמעותי. היקף משרה: משרה מלאה ימים א'-ד' 8.5 שעות, יום ה' 6 שעות בלבד. אנחנו על המפה: רמת גן, מתחם הבורסה, צמוד לרכבת סבידור מרכז ולרכבת הקלה.",
נציג/ת שירות הראל ידידים- זמני,הראל,חיפה והקריות,2026-07-01,https://career.adamtotal.co.il/Jobs/JobDetails?token=NWk1WHJWZkVhOEFXdFROZnNleGR5a21kZllIaGd2WU5MUVJoaDROTFdOT1MzcXE3WFZNb1AxRWtQZkRxaVo2bHIvSXBqRFlncXRjZnFRZ2N0L2kzb3c9PQ==&shr=&eid=,תפעול  מוקד,onsite,harel,"תיאור המשרה: מתן מענה לפניית לקוחות באמצעות טלפון/מייל/וואטסאפ טיפול במשימות או העברת המשך טיפול לגורם הרלוונטי בארגון טיפול וליווי מבוטחים בנושאי עזיבות עבודה ופדיונות טיפול בפעולות תפעול רוחביות – עבודה מול תקשורות של חברות ביטוח הכנת מידע לפגישות הסוכן. דרישות המשרה: תודעת שירות גבוהה סבלנות יכולת עבודה בצוות עבודה בסביבה ממוחשבת. היקף המשרה : ימים א-ה, 8.5 שעות ביום מיקום : רמת גן, מתחם הבורסה",maternity_cover
"מיישב/ת תביעות חבויות גוף- החלפה לחל""ד",הראל,בית הראל רמת גן,2026-07-01,https://career.adamtotal.co.il/Jobs/JobDetails?token=NWk1WHJWZkVhOEFXdFROZnNleGR5a21kZllIaGd2WU5MUVJoaDROTFdOTzUzam95Vm81cGRIZjRwaDNnM2RtcXNJZjN6YmgxR3UxaklCU2k3bHlDSUE9PQ==&shr=&eid=,צוות 2 חבויות גוף,onsite,harel,"איך ייראה היומיום שלך ? סילוק תביעות בתחום חבויות גוף ניהול מו""מ מול עורכי דין, תובעים וגורמים נוספים הבנה וניתוח משפטי של תביעות לרבות שאלת כיסוי ביטוחי/חבות/נזק הכנת תחשיבי נזק בקרה שוטפת על תביעות שמתנהלות משפטית מול עו""ד חיצוניים מה אנחנו מחפשים? ניסיון של לפחות שנתיים בתחום נזקי גוף – חובה עו""ד מוסמכ/ת – חובה ניסיון מוכח בניהול מו""מ – חובה ניסיון בתחשיבי נזק, הערכת תביעות, ניתוח פוליסות ידע בביטוח – יתרון שליטה טובה ביישומי OFFICE בדגש על אקסל ו- word היקף משרה: משרה מלאה , ימים א'-ה', 8.5 שעות ביום, שעות נוספות עפ""י דרישה אנחנו על המפה: רמת גן, מתחם הבורסה צמוד לרכבת סבידור מרכז",maternity_cover
"רו""ח בתחום המס והניכויים",הראל,בית הראל רמת גן,2026-07-01,https://career.adamtotal.co.il/Jobs/JobDetails?token=NWk1WHJWZkVhOEFXdFROZnNleGR5a21kZllIaGd2WU5MUVJoaDROTFdOTldtOFordzNYZng1a2ZISXVsaExFSE9BUVZBZ1QxVlRIbit2VWl0TmJYbFE9PQ==&shr=&eid=,תחום מיסים,onsite,harel,"איך ייראה היומיום שלך ? עבודה במחלקת המיסוי ליווי כולל של נושא הניכויים בחברה מתן מענה בקשר עם תשלומים למבוטחים וניכויים אחרים מה אנחנו מחפשים? רו""ח מוסמך/ת – חובה ניסיון של שנתיים לפחות בתחום הניכויים והמיסוי הישראלי ממשרדים גדולים ומוכרים – חובה ניסיון בהתנהלות מול רשויות המס ראש גדול ויכולת למידה עצמית ידע ושליטה מלאה בתוכנות שכר ובתכנות Excel ו- Power Point היקף משרה: משרה מלאה, ימים א'-ד' 8 וחצי שעות עבודה, יום ה' 6 שעות עבודה ( חמישי קצר) אנחנו על המפה: רמת גן, מתחם הבורסה צמוד לרכבת סבידור מרכז",
רפרנט/ית תפעול פרט בריאות,הראל,"ירושלים יו""ש",2026-07-01,https://career.adamtotal.co.il/Jobs/JobDetails?token=NWk1WHJWZkVhOEFXdFROZnNleGR5a21kZllIaGd2WU5MUVJoaDROTFdOTzdHV1pVYkNUS05STng0a2hhZ0NFTlM1emV6eWdNOWNRK0pjTUh3VWliMEE9PQ==&shr=&eid=,קשרי לקוחות בריאות פיננסים,onsite,harel,"לקבוצת הראל דרוש/ה רפרנט/ית פרט בריאות הגדרת תפקיד : עבודה שוטפת ומעקב מול היצרנים להפקות של פוליסות בריאות וחיים באמצעות משימות במערכת התפעולית. טיפול בקולקטיבי בריאות מענה ללקוחות בנושא תביעות , שינויים בפוליסה , פיגורים וכד' ממשקי עבודה מול מנהלי התיקים , מח' תפעול, גביה ועוד כישורים : מוסר עבודה גבוה, תודעת שירות גבוהה, אחריות , דייקנות, סדר וארגון דרישות: ניסיון בסוכנות הסדר – חובה ידע במערכות ביטוח- חובה ידע באקסל – יתרון משמעותי משרה מלאה ברג אזור הבורסה , צמוד לרכבת סובידור מרכז",
Data Analyst,הראל,בית מ.א.ה,2026-07-01,https://career.adamtotal.co.il/Jobs/JobDetails?token=NWk1WHJWZkVhOEFXdFROZnNleGR5a21kZllIaGd2WU5MUVJoaDROTFdOTnQzelpTcS8xQTk4V0FadUg1RElUa2dIdVpncVo0czNjZ0xSSXVaczFDWVE9PQ==&shr=&eid=,צוות אנליזה,onsite,harel,"איך ייראה היומיום שלך ? ניתוח מסדי נתונים גדולים ומורכבים בפרויקטים חוצי ארגון הסקת תובנות עסקיות, יכולת זיהוי מגמות ואיתור חריגים אחריות לבדיקות קבלה, ניתוח והסקת מסקנות של מסדי נתונים תפעוליים בפרויקטי ארגון ושיטות חוצי ארגון בניית כלים מקצועיים לשימוש הארגון והאגף ממשק עבודה מול BI עבודה שוטפת ובצמוד למהנדסי תעשייה וניהול ולמנהלי פרויקטים מה אנחנו מחפשים? תואר ראשון – יתרון ניסיון של שנתיים ומעלה בניתוח והבנת בסיסי נתונים גדולים ומורכבים – חובה ניסיון ב SQL – חובה ניסיון בטאבלו ובפייתון – יתרון משמעותי שליטה מלאה ב Office כולל Excel ברמת פונקציות מתקדמות – חובה היקף משרה: משרה מלאה, ימים א'- ה', 8.5 שעות ביום+ שעות נוספות, במידת הצורך. אנחנו על המפה: רמת גן, מתחם הבורסה, צמוד לרכבת סבידור מרכז",
ראש צוות מהנדסי תעשייה וניהול,הראל,בית מ.א.ה,2026-07-01,https://career.adamtotal.co.il/Jobs/JobDetails?token=NWk1WHJWZkVhOEFXdFROZnNleGR5a21kZllIaGd2WU5MUVJoaDROTFdOT01MeGlGQU16bXR2ZjFUelVyR3hIa0FqMVd6QzdTZmtOWUZEOTVrT0FZeWc9PQ==&shr=&eid=,מחלקת ניהול תהליכים,onsite,harel,"Operational Excellence Manager אנו מחפשים ראש/ת צוות מהנדסים – אגף ארגון ושיטות זו ההזדמנות שלך להוביל אנשים, תהליכים ושינוי אמיתי בארגון גדול ומורכב . אצלנו באגף ארגון ושיטות חיים ונושמים תהליכים חכמים ושיפור מתמיד זהו תפקיד מפתח, עם אחריות רחבה, ניהול מקצועי והובלה של מהנדסים, והשפעה ישירה על תהליכים חוצי-ארגון, מערכות ותוצאות עסקיות . מה כולל התפקיד ? הובלה מקצועית וניהולית של צוות בן 3–4 מהנדסי תעשייה וניהול קידום וניהול פרויקטים חוצי־ארגון לשיפור וייעול תהליכים עסקיים עבודה שוטפת מול ממשקים מגוונים בארגון והנעת שותפים לתהליכי שינוי ניתוח נתונים, הפקת תובנות והובלת שיפורים מבוססי נתונים תיעדוף משימות, ניהול עומסים והובלת הצוות לעמידה ביעדים מה אנחנו מחפשים ? ניסיון קודם כראש/ת צוות / מוביל/ה מקצועי בארגון ושיטות - חובה ניסיון משמעותי בפרויקטי או""ש של כ 3-4 שנים – חובה בוגר/ת הנדסת תעשייה וניהול למה זה תפקיד ששווה לעצור בשבילו ? תפקיד עם השפעה אמיתית על הליבה הארגונית שילוב של ניהול אנשים ועומק מקצועי אגף או""ש מקצועי ומוביל אפשרות להשאיר חותם ולבנות תהליכים שעובדים שנים קדימה תנאים מעולים וסביבת עבודה משפחתית זה תפקיד עם השפעה אמיתית על הדרך שבה הארגון עובד , כולל הובלת צוות חזק, עבודה עם גורמים בכירים, ויכולת להשאיר חותם . משרה מלאה, ימים א'-ד', 8.5 שעות ביום, יום ה' 6 שעות, יום עבודה מהבית לאחר תקופת ההכשרה רמת גן, מתחם הבורסה, צמוד לרכבת סבידור מרכז ולרכבת הקלה",
מיישב.ת תביעות בתחום ביטוחי בריאות,הראל,בית מ.א.ה,2026-07-01,https://career.adamtotal.co.il/Jobs/JobDetails?token=NWk1WHJWZkVhOEFXdFROZnNleGR5a21kZllIaGd2WU5MUVJoaDROTFdOTnVPY1p1Y0g5UHBVOElyWEtlWjhic1lSZ2I3WncwSTljZXY5SHRZMVE0c2c9PQ==&shr=&eid=,מחלקת תביעות בריאות,onsite,harel,"איך יראה היומיום שלך? טיפול מקיף בתביעות ביטוחי בריאות , משלב הפנייה ועד לקבלת ההחלטה הסופית בדיקת זכאות על פי תנאי הפוליסה והבטחת מיצוי זכויות המבוטח קריאה והבנה של מסמכים רפואיים בעברית ובאנגלית עבודה שוטפת מול מחלקות פנימיות וגורמים חיצוניים מה אנחנו מחפשים ? ניסיון קודם בתחום השירות \ תפעול- חובה היכרות עם עולם הביטוח – יתרון ניסיון קודם כמיישב\ת תביעות- יתרון יכולת ניסוח גבוהה בכתב ובעל פה , הקפדה על דיוק ותשומת לב לפרטים היקף משרה: משרה מלאה, ימים א'-ה', 8.5 שעות ביום+ נכונות לשעות נוספות במידת הצורך יום עבודה מהבית אנחנו על המפה: רמת גן, מתחם הבורסה, צמוד לרכבת סבידור מרכז",
רפרנט.ית תפעול בתחום ביטוחי בריאות,הראל,בית מ.א.ה,2026-07-01,https://career.adamtotal.co.il/Jobs/JobDetails?token=NWk1WHJWZkVhOEFXdFROZnNleGR5a21kZllIaGd2WU5MUVJoaDROTFdOT3VFNG14OEI3S3JYaHJLL3BZbUJpZWhBUkJqY0U1MGNUZmpaaHBwMFRaVGc9PQ==&shr=&eid=,מחלקה מהסבה,onsite,harel,"איך יראה היומיום שלך? טיפול בתפעול שוטף של פוליסות בתחום הבריאות עבודה שוטפת מול סוכני ביטוח שיתוף פעולה עם ממשקים פנים וחוץ- ארגוניים מה אנחנו מחפשים? ניסיון קודם בתפעול \ שירות – יתרון יכולת להשתלב ולעבוד בצוות בסביבה דינאמית ומשתנה עצמאות ואחריות בביצוע משימות יכולת עבודה תחת לחץ וריבוי משימות היקף משרה: משרה מלאה, ימים א'-ה', 8.5 שעות ביום יום עבודה מהבית אנחנו על המפה: רמת גן, מתחם הבורסה, צמוד לרכבת סבידור מרכז",
מיישב/ת תביעות רכב חובה,הראל,בית הראל רמת גן,2026-07-01,https://career.adamtotal.co.il/Jobs/JobDetails?token=NWk1WHJWZkVhOEFXdFROZnNleGR5a21kZllIaGd2WU5MUVJoaDROTFdOUGt2MFAyUU5JRGlaRHVKZFdiRWFpK2s4bWFSdXhVUXhSQjhxMEVEbytXMVE9PQ==&shr=&eid=,צוות  - תביעות רכב חובה,onsite,harel,"איך ייראה היומיום שלך ? טיפול וסילוק תביעות גוף שנגרמו עקב תאונת דרכים, תביעות עם סיכון לנכות, תביעות עם קביעות נכות. עבודה מול באי כוח תובעים מתן הנחיות בתיקים לעורכי דין חיצוניים. מה אנחנו מחפשים? השכלה משפטית, עו""ד מוסמך ניסיון מוכח בניהול מו""מ ניסיון בתחום הפלת""ד בייצוג חברות ביטוח/ייצוג נתבעים ניסיון בסילוק תביעות היקף משרה: משרה מלאה , ימים א'-ה', 8.5 שעות ביום, שעות נוספות עפ""י דרישה. אנחנו על המפה: רמת גן, מתחם הבורסה צמוד לרכבת סבידור מרכז ולרכבת הקלה",
רפרנט/ית בריאות מחוז צפון,הראל,חיפה,2026-07-01,https://career.adamtotal.co.il/Jobs/JobDetails?token=NWk1WHJWZkVhOEFXdFROZnNleGR5a21kZllIaGd2WU5MUVJoaDROTFdOTklwd05XYjJjUEJsQlorSWt5Tkk4QVd6ckF1VnBOYm9TUGd6SS9lNWMreVE9PQ==&shr=&eid=,מחלקת בריאות צפון,onsite,harel,"איך ייראה היומיום שלך ? טיפול בפוליסות ביטוח בריאות מקצה לקצה. מתן שירות טלפוני ופרונטלי לסוכנים, מפקחים, מבוטחים ולקוחות . טיפול בתלונות, בירורים, שינויים ועדכונים במערכות . מה אנחנו מחפשים? ניסיון בענף הביטוח \ בנקאות – חובה ניסיון בתפעול ביטוח בריאות – יתרון משמעותי שליטה טובה ב- Excel אנגלית ברמה טובה, בדגש על קריאה תואר אקדמי – יתרון היקף משרה: משרה מלאה, ימים א'-ה', 8 שעות ביום אנחנו על המפה: שדרות הפלי""ם 2, חיפה",
רכז/ת בקרה ואנליזה,הראל,בית הראל רמת גן,2026-07-01,https://career.adamtotal.co.il/Jobs/JobDetails?token=NWk1WHJWZkVhOEFXdFROZnNleGR5a21kZllIaGd2WU5MUVJoaDROTFdOTkRzOWFydFJjZzNqN1lQQmkwR1JvbFNkUUpJNklBRDdvUUdIZE94SjJiSHc9PQ==&shr=&eid=,מחלקת אנליזה ובקרה ביטוח משנה,onsite,harel,"איך ייראה היומיום שלך ? בדיקה ובקרה של פוליסות ביטוח משנה פקולטטיביות ווידוא התאמה מלאה בין תנאי הפוליסה לבין דרישות והסתייגויות מבטחי המשנה זיהוי פערים וחריגות והצפתם לגורמים הרלוונטיים עבודה שוטפת מול ממשקים פנימיים, לרבות ביטוח משנה וחיתום תיעוד תהליכי הבקרה לצורכי ניהול, ביקורת ורגולציה מה אנחנו מחפשים? ניסיון קודם בביטוח כללי ו/או בביטוח משנה פקולטטיבי – חובה היכרות מעשית עם פוליסות ביטוח ויכולת קריאה וניתוח של מסמכים ביטוחים שליטה טובה באנגלית (בעיקר קריאה) – חובה שליטה ביישומי Office היקף משרה: משרה מלאה, ימים א'-ד', 8.5 שעות ביום, יום ה' 6 שעות, יום עבודה מהבית לאחר תקופת ההכשרה אנחנו על המפה: רמת גן, מתחם הבורסה, צמוד לרכבת סבידור מרכז ולרכבת הקלה",
נציג.ת שירות לקוחות בריאות הפה,הראל,גוש דן,2026-07-01,https://career.adamtotal.co.il/Jobs/JobDetails?token=NWk1WHJWZkVhOEFXdFROZnNleGR5a21kZllIaGd2WU5MUVJoaDROTFdOUEhQeEVDWWIwekU1OFc5R2g0TmhBZVFDM0VZTHBtQWZoSmRnbUIwWkZESmc9PQ==&shr=&eid=,מוקד שירות לקוחות שיניים,onsite,harel,"איך יראה היום יום שלך? מענה לשיחות נכנסות ללקוחות החברה בתחום ביטוחי שיניים. מסירת מידע בנוגע לכיסוי ביטוחי, תשלומי פרמיות, סטטוס תביעה, הסבר על פרוצדורות. מה אנחנו מחפשים ? אנחנו מחפשים אנשים בעלי זיקה שירותית, עם אנרגיה מעולה ובעלי רצון ללמוד ולהתפתח לא נדרש ניסיון קודם ! עובד.ת חברת הראל החל מהיום הראשון קרן השתלמות לאחר כשנה עבודה מהבית אחת לשבוע והכשרה על חשבוננו! ביטוח בריאות מקיף לאחר חצי שנה מסלולי קריירה וקידום מקצועי היקף משרה: א'-ה', 7:35-16:15 + נכונות לשעות נוספות פעמיים בשבוע עד השעה 18:00. קיימת אופציה למשרת חלקית (לאחר תקופת הכשרה) אנחנו על המפה פתח תקווה, על ציר ראשי של ז'בוטינסקי .",
נציג/ת שירות מוקד בריאות,הראל,גוש דן,2026-07-01,https://career.adamtotal.co.il/Jobs/JobDetails?token=NWk1WHJWZkVhOEFXdFROZnNleGR5a21kZllIaGd2WU5MUVJoaDROTFdOTThhcytLU3hKQ3czTWZJcTlQeDBCc09UNU9rTlpDQlh6QjZSNUdzYVVVTkE9PQ==&shr=&eid=,מוקד שירות לקוחות בריאות,onsite,harel,"איך יראה היום יום שלך? מענה לשיחות נכנסות ללקוחות החברה בתחום של ביטוחי בריאות. מסירת מידע בנוגע לתכולת הביטוח, הסבר על פרוצדורות (הגשת אישורים לניתוחים, קבלת החזר כספי בגין טיפול רפואי) ועדכון סטאטוס בקשת לקוח. מה אנחנו מחפשים ? אנחנו מחפשים אנשים בעלי זיקה שירותית, עם אנרגיה מעולה ובעלי רצון ללמוד ולהתפתח לא נדרש ניסיון קודם ! עובד.ת חברת הראל החל מהיום הראשון קרן השתלמות לאחר כשנה עבודה מהבית אחת לשבוע והכשרה על חשבוננו! ביטוח בריאות מקיף לאחר חצי שנה מסלולי קריירה וקידום מקצועי היקף משרה: א'-ה', 7:35-16:15 + נכונות לשעות נוספות פעמיים בשבוע עד השעה 18:00. קיימת אופציה למשרת הורה (לאחר תקופת הכשרה מלאה של חודש) אנחנו על המפה פתח תקווה, על ציר ראשי של ז'בוטינסקי .",
מיישב/ת תביעות בריאות - מחוז צפון,הראל,חיפה,2026-07-01,https://career.adamtotal.co.il/Jobs/JobDetails?token=NWk1WHJWZkVhOEFXdFROZnNleGR5a21kZllIaGd2WU5MUVJoaDROTFdOTi91ZE1zUkxyT3dxcStpRjBSOFRKZ2JNbXNHb0pLVnhRRkdQK0lGSHBtbEE9PQ==&shr=&eid=,תביעות בריאות צפון,onsite,harel,"איך ייראה היומיום שלך ? השתלבות בעולם הביטוח והתמקצעות בתחום התביעות ניהול התביעות תוך בדיקה ואימות נתונים ניהול תורי עבודה, עמידה ביעדים ובלוחות זמנים התנהלות מול גורמים שונים במחלקה ובחברה וכן מול גורמים חיצוניים מה אנחנו מחפשים? ניסיון קודם בתחום הביטוח – יתרון ניסיון ביישוב תביעות בריאות – יתרון משמעותי תואר אקדמאי – יתרון רקע מעולם הרפואה – יתרון אנגלית ברמה טובה כולל יכולת קריאה והבנה – חובה היקף משרה: משרה מלאה, ימים א'-ד', 8.5 שעות ביום, יום ה' 6 שעות, יום עבודה מהבית לאחר תקופת ההכשרה. אנחנו על המפה: שדרות הפלי""ם 2, חיפה",
נציג/ת שירות מוקד אלמנטרי,הראל,גוש דן,2026-07-01,https://career.adamtotal.co.il/Jobs/JobDetails?token=NWk1WHJWZkVhOEFXdFROZnNleGR5a21kZllIaGd2WU5MUVJoaDROTFdOTTBkWVVnQkhhTGFLcHFMNmtCOUE3VzdNUlBXVlFiYlVaazZQd0dIV3AxaUE9PQ==&shr=&eid=,צוות מוקד אלמנטרי,onsite,harel,"איך יראה היום יום שלך ? המוקד נותן מענה בשיחות נכנסות ויוצאות למבוטחים בתחום הרכב והדירה + טיפול בפוליסות קיימות לקולקטיבים שונים ועובדי חברה. המענה ניתן בנושאים שונים כגון: הצעות לביטוח רכב / דירה, עלויות, ביטולים, מידע על כיסויי הפוליסה ועוד עובדת חברת הראל החל מהיום הראשון קרן השתלמות מהיום הראשון תשלום יום מחלה מהיום הראשון ביטוח בריאות לאחר חצי שנה מסלולי קריירה וקידום מקצועי מה אנחנו מחפשים ? אנשים בעלי זיקה שירותית, עם אנרגיה מעולה ובעלי רצון ללמוד ולהתפתח! לא נדרש ניסיון קודם! היקף משרה : א'-ה', 7:35-16:15 עם נכונות לשעות נוספות במידת הצורך. אנחנו על המפה : פתח תקווה, על ציר ראשי של ז'בוטינסקי.",
חתמ/ת פרט,הראל,רמת גן,2026-07-01,https://career.adamtotal.co.il/Jobs/JobDetails?token=NWk1WHJWZkVhOEFXdFROZnNleGR5a21kZllIaGd2WU5MUVJoaDROTFdOTXlwN1dHc2trWmxwdms1Wmhmbmk5OW9BSDJOTTdkU09tcVBVa21ydEozd3c9PQ==&shr=&eid=,וריטס חיתום ראשי עסקים,onsite,harel,"תיאור התפקיד : פעילות מול סוכני משנה. ניהול קבוצת סוכנים. הפקות פוליסות חדשות וחידושים במערכות רבות. דרישות התפקיד : ניסיון רב בענף חברות ביטוח או בסוכנויות בתפקיד חתמ/ת פרט- רכב דירות משאיות. זמינות מידית. יכולת וורבלית. מוסר עבודה גבוה. ביטחון עצמי ואחריות. היקף המשרה: משרה מלאה, ימים א'-ה' מיקום המשרה : רמת גן, מתחם הבורסה",
רפרנט/ית קשרי לקוחות הסוכן הישיר,הראל,בית מ.א.ה,2026-07-01,https://career.adamtotal.co.il/Jobs/JobDetails?token=NWk1WHJWZkVhOEFXdFROZnNleGR5a21kZllIaGd2WU5MUVJoaDROTFdOTmRFM0RKSndsS2pWT1VacUZxTEp3blhuenlVQ1F5SjJVU0tsNFN1Rk9LclE9PQ==&shr=&eid=,מערך המוקדים,onsite,harel,"לחברת הראל דרוש/ה רפרנט/ית קשרי לקוחות- הסוכן הישיר לניהול טיפול משלים בקו שני לשרות לקוחות סיום תהליך הטיפול וסקר שביעות רצון בקרות על השירות ללקוח דרישות המשרה: ידע וניסיון מתחום הביטוח (עדיפות לסיכונים) וורבליות שירותיות יכולת עבודה מול ממשקים היקף משרה : משרה מלאה, ימים א-ה', 8.5 שעות ביום, שעות נוספות לפי דרישה . מיקום המשרה : רמת גן, מתחם הבורסה, בצמוד לרכבת סבידור מרכז",
נציג.ת מכירות שטח - סיכונים,הראל,חיפה והקריות,2026-07-01,https://career.adamtotal.co.il/Jobs/JobDetails?token=NWk1WHJWZkVhOEFXdFROZnNleGR5a21kZllIaGd2WU5MUVJoaDROTFdOTzFMbmo5NXNjejUwQ2NkMzM2WWsxRTBGQVFzKzRsbHUzZGQ4QjNHZGp4N3c9PQ==&shr=&eid=,מחלקת מכירות,onsite,harel,לחברת הראל דרושים נציגי/ות מכירות שטח שבמהלך לימודים להוצאת רישיון פנסיוני למכירת ביטוחי חיים ובריאות. איך היומיום שלך ייראה? עבודה בגיוס וניהול תיקי לקוחות בתחום הביטוח ליווי מקצועי והתאמת מוצרים ללקוחות פרטיים ועסקיים מתן מענה מקצועי בתחומי הביטוח מה מייחד אותנו? מערך שלם של נציגי תיאום פגישות מעולים מאחוריך קורס קליטה מקצועי והכשרה מלאה מודל מתגמל במיוחד ומבצעים שווים ביותר גמישות בשעות העבודה קליטה כעובד חברה אנחנו נותנים לך רכב צמוד כרטיס תן ביס קרן השתלמות ביטוח בריאות מתנות באירועים חשובים בחייך ועוד...! מה אנחנו מחפשים? ניסיון במכירות טלפוניות או שטח בתחום הביטוח- חובה!! בתהליך להוצאת רישיון פנסיוני - חובה!! רישיון נהיגה בתוקף - חובה תואר אקדמי - יתרון,
רפרנט/ית תפעול,הראל,בית מ.א.ה,2026-07-01,https://career.adamtotal.co.il/Jobs/JobDetails?token=NWk1WHJWZkVhOEFXdFROZnNleGR5a21kZllIaGd2WU5MUVJoaDROTFdOTkNka3lWRE1ieTZmY2w0cm9HQ2M0Rmg0VE4xdWZGRUFuV2ZqY0Q5c0ROU3c9PQ==&shr=&eid=,תפעול הראל ידידים,onsite,harel,"לקבוצת הראל דרוש/ה רפרנט/ית תפעול. במסגרת התפקיד: מתן שירות למעסיקים ומבוטחים. טיפול בחומרים בנושא ביטוח ופנסיה, מעקב ביצוע אצל היצרנים וביצוע בקרות מוצר (אובדן כושר עבודה, דמי ניהול וכו'). טיפול בבקשות נוספות מלקוחות כמו - פדיונות, שינוי מסלול, טיפול בעוזבי עבודה מעל תקרה כולל מתן צבירות, בדיקתן והכנת ט' 161. טיפול ביטוחים, ושגויי גביה תוך ממשקי עבודה פנימיים. מה אנחנו מחפשים? ניסיון תעסוקתי מסוכנות הסדר- חובה נ יסיון תעסוקתי בתחום הפנסיה - יתרון משמעותי שירותיות, יחסי אנוש יכולת עבודה בצוות משרה מלאה, ימים א'-ה', 8.5 שעות ביום רמת גן , מתחם הבורסה , בצמוד לרכבת סבידור מרכז",
משווק/ת פנסיוני/ת – תפקיד שטח,הראל,"ירושלים יו""ש",2026-07-01,https://career.adamtotal.co.il/Jobs/JobDetails?token=NWk1WHJWZkVhOEFXdFROZnNleGR5a21kZllIaGd2WU5MUVJoaDROTFdOTktDVjAybjAzS3hIRGorR2s0M2luRUhveWk4akZqL0tvWEZFOG5FUkVaQ3c9PQ==&shr=&eid=,מחלקת מכירות,onsite,harel,"חברת הראל מגייס/ת משווק/ת פנסיוני/ת ליווי מקצועי והתאמת מוצרים ללקוחות פרטיים ועסקיים מתן מענה מקצועי בתחומי הביטוח והפנסיה מה מייחד אותנו? מערך שלם של נציגי תיאום פגישות מאחוריך קורס קליטה מקצועי והכשרה מלאה מודל מתגמל במיוחד ומבצעים שווים ביותר גמישות בשעות העבודה קליטה כעובד חברה אנחנו נותנים לך רכב צמוד כרטיס תן ביס קרן השתלמות - לבעלי תואר ראשון ביטוח בריאות מתנות באירועים חשובים בחייך ועוד...! מה אנחנו מחפשים? ניסיון במכירות שטח של שנה לפחות או מכירות טלפוניות - חובה ניסיון ורקע במכירות בתחום הביטוח / שיווק פנסיוני - יתרון משמעותי רישיון פנסיוני בתוקף - מותנה בהצגת אישור רישיון נהיגה בתוקף - חובה תואר אקדמי - יתרון היקף משרה: מלאה, 8 וחצי שעות ביום. אנחנו על המפה: רמת גן, מתחם הבורסה.",
נציג.ת מכירות ביטוח,הראל,גוש דן,2026-07-01,https://career.adamtotal.co.il/Jobs/JobDetails?token=NWk1WHJWZkVhOEFXdFROZnNleGR5a21kZllIaGd2WU5MUVJoaDROTFdOTzA5cGNGaWR5Y2oyZXY0MGxwaHNUNWRyZWR1S1l0bVBaS0UvT2UrZWNaZmc9PQ==&shr=&eid=,מערך מכירות פתח-תקוה סטנדרד,onsite,harel,"איך ייראה היומיום שלך ? לידים חמים/קרים - שיחות נכנסות ו/או יוצאות. עבודה מול לקוחות החברה ו/או מול סוכנים. עבודה עם מספר מערכות במקביל. עבודה בסביבה צעירה ותחרותית. מה תקבל/י: הכשרה ע""ח החברה ובנוסף ליווי מלא בחודשים הראשונים לתפקיד. שכר גבוה והגנת שכר. זכאות לביטוח בריאות פרטי. תחרויות ופרסים באווירה כיפית. אופציות קידום והתפתחות נרחבות! מה אנחנו מחפשים? ניסיון במוקד מכירות טלפוני – יתרון משמעותי. ניסיון בתחום הביטוח – יתרון משמעותי. מוסר עבודה גבוה. חוסן נפשי, ביטחון עצמי ואחריות. יכולת וורבלית. יכולת עבודה בצוות. היקף משרה: 5 משמרות בשבוע, כולל שישי (לסירוגין או אחת לשלושה שבועות). אנחנו על המפה: רמת גן, מתחם הבורסה, או פתח תקווה, ציר ז'בוטינסקי.",
נציג/ת שירות לקוחות – ידידים,הראל,בית מ.א.ה,2026-07-01,https://career.adamtotal.co.il/Jobs/JobDetails?token=NWk1WHJWZkVhOEFXdFROZnNleGR5a21kZllIaGd2WU5MUVJoaDROTFdOT2x1bFdERXpJczRKWUppeC9Ub1h0YjNUNFpaRFJwWlg3aXJ3MGF3OVJpT3c9PQ==&shr=&eid=,תפעול הראל ידידים,onsite,harel,"תיאור המשרה: מתן מענה לפניית לקוחות באמצעות טלפון/מייל/וואטסאפ טיפול במשימות או העברת המשך טיפול לגורם הרלוונטי בארגון טיפול וליווי מבוטחים בנושאי עזיבות עבודה ופדיונות טיפול בפעולות תפעול רוחביות – עבודה מול תקשורות של חברות ביטוח הכנת מידע לפגישות הסוכן. דרישות המשרה: תודעת שירות גבוהה סבלנות יכולת עבודה בצוות עבודה בסביבה ממוחשבת. היקף המשרה: ימים א-ה, 8.5 שעות ביום מיקום : רמת גן, מתחם הבורסה",
