title,company,location,date,url,department,workplace_type,level,source,position_type
דרוש סטודנט למשפטים לארכיון המדינה,PrimeMinisterOfficeEmblem,ירושלים,2026-05-28,https://hujicareer.co.il/jobs/%d7%93%d7%a8%d7%95%d7%a9-%d7%a1%d7%98%d7%95%d7%93%d7%a0%d7%98-%d7%9c%d7%9e%d7%a9%d7%a4%d7%98%d7%99%d7%9d-%d7%9c%d7%90%d7%a8%d7%9b%d7%99%d7%95%d7%9f-%d7%94%d7%9e%d7%93%d7%99%d7%a0%d7%94-2/,,onsite,junior,huji,
לחברה בירושלים דרושים/ות 2 סטודנטים/ות לעזרה בהרכבות מכניות של מוצרים אלקטרו-מכניים מדויקים,c3,ירושלים,2026-05-28,https://hujicareer.co.il/jobs/%d7%9c%d7%97%d7%91%d7%a8%d7%94-%d7%91%d7%99%d7%a8%d7%95%d7%a9%d7%9c%d7%99%d7%9d-%d7%93%d7%a8%d7%95%d7%a9%d7%99%d7%9d-%d7%95%d7%aa-2-%d7%a1%d7%98%d7%95%d7%93%d7%a0%d7%98%d7%99%d7%9d-%d7%95%d7%aa-%d7%9c/,,onsite,junior,huji,
Breeding Assistant,images (1),,2026-05-28,https://hujicareer.co.il/jobs/breeding-assistant/,,onsite,junior,huji,
QC Laboratory Technician,images (1),,2026-05-28,https://hujicareer.co.il/jobs/qc-laboratory-technician-2/,,onsite,junior,huji,
EHS Specialist,images (1),,2026-05-28,https://hujicareer.co.il/jobs/ehs-specialist/,,onsite,junior,huji,
סטודנט/ית למינהלת איסרד,הרשות לחדשנות,ירושלים,2026-05-27,https://hujicareer.co.il/jobs/%d7%a1%d7%98%d7%95%d7%93%d7%a0%d7%98-%d7%99%d7%aa-%d7%9c%d7%9e%d7%99%d7%a0%d7%94%d7%9c%d7%aa-%d7%90%d7%99%d7%a1%d7%a8%d7%93/,,onsite,junior,huji,
סטודנט/ית לחטיבת צמיחה,הרשות לחדשנות,ירושלים,2026-05-27,https://hujicareer.co.il/jobs/%d7%a1%d7%98%d7%95%d7%93%d7%a0%d7%98-%d7%99%d7%aa-%d7%9c%d7%97%d7%98%d7%99%d7%91%d7%aa-%d7%a6%d7%9e%d7%99%d7%97%d7%94/,,onsite,junior,huji,
דרוש/ה סטודנט/ית לפיתוח עסקי ומכירות למגזר הפיננסי,logo1,תל אביב,2026-05-27,https://hujicareer.co.il/jobs/%d7%93%d7%a8%d7%95%d7%a9-%d7%94-%d7%a1%d7%98%d7%95%d7%93%d7%a0%d7%98-%d7%99%d7%aa-%d7%9c%d7%a4%d7%99%d7%aa%d7%95%d7%97-%d7%a2%d7%a1%d7%a7%d7%99-%d7%95%d7%9e%d7%9b%d7%99%d7%a8%d7%95%d7%aa-%d7%9c%d7%9e/,,onsite,junior,huji,
לרשות מקרקעי ישראל דרוש/ה סטודנט/ית בתכנון ערים,Israel_Land_Authority_Logo.svg,תל אביב,2026-05-27,https://hujicareer.co.il/jobs/%d7%9c%d7%a8%d7%a9%d7%95%d7%aa-%d7%9e%d7%a7%d7%a8%d7%a7%d7%a2%d7%99-%d7%99%d7%a9%d7%a8%d7%90%d7%9c-%d7%93%d7%a8%d7%95%d7%a9-%d7%94-%d7%a1%d7%98%d7%95%d7%93%d7%a0%d7%98-%d7%99%d7%aa-%d7%91%d7%aa%d7%9b/,,onsite,junior,huji,
מתאמ/ת מחקר B. Sc. במדעי הטבע,c3,ירושלים,2026-05-27,https://hujicareer.co.il/jobs/%d7%9e%d7%aa%d7%90%d7%9e-%d7%aa-%d7%9e%d7%97%d7%a7%d7%a8-b-sc-%d7%91%d7%9e%d7%93%d7%a2%d7%99-%d7%94%d7%98%d7%91%d7%a2/,,onsite,junior,huji,
הפקולטה למדעי הרוח היחידה לאנגלית כשפה זרה דרוש/ה מנהלן,HUJI Career,ירושלים,2026-05-27,https://hujicareer.co.il/jobs/%d7%94%d7%a4%d7%a7%d7%95%d7%9c%d7%98%d7%94-%d7%9c%d7%9e%d7%93%d7%a2%d7%99-%d7%94%d7%a8%d7%95%d7%97-%d7%94%d7%99%d7%97%d7%99%d7%93%d7%94-%d7%9c%d7%90%d7%a0%d7%92%d7%9c%d7%99%d7%aa-%d7%9b%d7%a9%d7%a4/,,onsite,junior,huji,
עובד/ת מעבדה-הפקולטה לרפואה והפקולטה לרפואת שיניים,HUJI Career,ירושלים,2026-05-27,https://hujicareer.co.il/jobs/%d7%a2%d7%95%d7%91%d7%93-%d7%aa-%d7%9e%d7%a2%d7%91%d7%93%d7%94-%d7%94%d7%a4%d7%a7%d7%95%d7%9c%d7%98%d7%94-%d7%9c%d7%a8%d7%a4%d7%95%d7%90%d7%94-%d7%95%d7%94%d7%a4%d7%a7%d7%95%d7%9c%d7%98%d7%94-%d7%9c-3/,,onsite,junior,huji,
עוזר/ת לראשת המדור להכשרה מקצועית ומעורבות חברתית - בית הספר לעבודה סוציאלית ולרווחה חברתית,HUJI Career,ירושלים,2026-05-27,https://hujicareer.co.il/jobs/%d7%a2%d7%95%d7%96%d7%a8-%d7%aa-%d7%9c%d7%a8%d7%90%d7%a9%d7%aa-%d7%94%d7%9e%d7%93%d7%95%d7%a8-%d7%9c%d7%94%d7%9b%d7%a9%d7%a8%d7%94-%d7%9e%d7%a7%d7%a6%d7%95%d7%a2%d7%99%d7%aa-%d7%95%d7%9e%d7%a2%d7%95-2/,,onsite,junior,huji,
טכנאי/ת מכניקה בכיר/ה-מכון רקח לפיסיקה,HUJI Career,ירושלים,2026-05-27,https://hujicareer.co.il/jobs/%d7%98%d7%9b%d7%a0%d7%90%d7%99-%d7%aa-%d7%9e%d7%9b%d7%a0%d7%99%d7%a7%d7%94-%d7%91%d7%9b%d7%99%d7%a8-%d7%94-%d7%9e%d7%9b%d7%95%d7%9f-%d7%a8%d7%a7%d7%97-%d7%9c%d7%a4%d7%99%d7%a1%d7%99%d7%a7%d7%94/,,onsite,junior,huji,
Transcriber,partner-black-cube-v2,תל אביב,2026-05-27,https://hujicareer.co.il/jobs/transcriber/,,onsite,junior,huji,
Intelligence Analyst,partner-black-cube-v2,תל אביב,2026-05-27,https://hujicareer.co.il/jobs/intelligence-analyst/,,onsite,junior,huji,
HUMINT Analyst,partner-black-cube-v2,תל אביב,2026-05-27,https://hujicareer.co.il/jobs/humint-analyst/,,onsite,junior,huji,
צלם/ת ו/או מפיק/ת שטח לכאן חדשות,LOGO 10,ירושלים,2026-05-27,https://hujicareer.co.il/jobs/%d7%a6%d7%9c%d7%9d-%d7%aa-%d7%95-%d7%90%d7%95-%d7%9e%d7%a4%d7%99%d7%a7-%d7%aa-%d7%a9%d7%98%d7%97-%d7%9c%d7%9b%d7%90%d7%9f-%d7%97%d7%93%d7%a9%d7%95%d7%aa/,,onsite,junior,huji,
מנהל/ת אגף הפקה בכאן חדשות,LOGO 10,ירושלים,2026-05-27,https://hujicareer.co.il/jobs/%d7%9e%d7%a0%d7%94%d7%9c-%d7%aa-%d7%90%d7%92%d7%a3-%d7%94%d7%a4%d7%a7%d7%94-%d7%91%d7%9b%d7%90%d7%9f-%d7%97%d7%93%d7%a9%d7%95%d7%aa/,,onsite,junior,huji,
עובד/ת מעבדה - בית הספר לרוקחות,HUJI Career,ירושלים,2026-05-25,https://hujicareer.co.il/jobs/%d7%a2%d7%95%d7%91%d7%93-%d7%aa-%d7%9e%d7%a2%d7%91%d7%93%d7%94-%d7%91%d7%99%d7%aa-%d7%94%d7%a1%d7%a4%d7%a8-%d7%9c%d7%a8%d7%95%d7%a7%d7%97%d7%95%d7%aa-5/,,onsite,junior,huji,
מתאם/ת מחשוב לפקולטה למתמטיקה ולמדעי הטבע - המכון למדעי החיים,HUJI Career,ירושלים,2026-05-25,https://hujicareer.co.il/jobs/%d7%9e%d7%aa%d7%90%d7%9d-%d7%aa-%d7%9e%d7%97%d7%a9%d7%95%d7%91-%d7%9c%d7%a4%d7%a7%d7%95%d7%9c%d7%98%d7%94-%d7%9c%d7%9e%d7%aa%d7%9e%d7%98%d7%99%d7%a7%d7%94-%d7%95%d7%9c%d7%9e%d7%93%d7%a2%d7%99-%d7%94/,,onsite,junior,huji,
מזכיר/ה לענייני הוראה - בית הספר לרפואה,HUJI Career,ירושלים,2026-05-25,https://hujicareer.co.il/jobs/%d7%9e%d7%96%d7%9b%d7%99%d7%a8-%d7%94-%d7%9c%d7%a2%d7%a0%d7%99%d7%99%d7%a0%d7%99-%d7%94%d7%95%d7%a8%d7%90%d7%94-%d7%91%d7%99%d7%aa-%d7%94%d7%a1%d7%a4%d7%a8-%d7%9c%d7%a8%d7%a4%d7%95%d7%90%d7%94/,,onsite,junior,huji,
עובדים ועובדות סוציאליים - המחלקה לשירותים חברתיים אזור,AzorLogo.svg,,2026-05-25,https://hujicareer.co.il/jobs/%d7%a2%d7%95%d7%91%d7%93%d7%99%d7%9d-%d7%95%d7%a2%d7%95%d7%91%d7%93%d7%95%d7%aa-%d7%a1%d7%95%d7%a6%d7%99%d7%90%d7%9c%d7%99%d7%99%d7%9d-%d7%94%d7%9e%d7%97%d7%9c%d7%a7%d7%94-%d7%9c%d7%a9%d7%99%d7%a8/,,onsite,junior,huji,
"מנהל/ת קהילה ואקוסיסטם לתכנית EasTech - החלפה לחל""ד",images (7),ירושלים,2026-05-25,https://hujicareer.co.il/jobs/7800/,,onsite,junior,huji,maternity_cover
משרות סטודנט/ית שוות באסם-נסטלה,HUJI Career,,2026-05-25,https://hujicareer.co.il/jobs/%d7%9e%d7%a9%d7%a8%d7%95%d7%aa-%d7%a1%d7%98%d7%95%d7%93%d7%a0%d7%98-%d7%99%d7%aa-%d7%a9%d7%95%d7%95%d7%aa-%d7%91%d7%90%d7%a1%d7%9d-%d7%a0%d7%a1%d7%98%d7%9c%d7%94/,,onsite,junior,huji,
המשרד להגנת הסביבה מגייס סטודנט/ית לתכנון סביבתי במחוז תל אביב,לוגו-המשרד-להגנת-הסביבה,תל אביב,2026-05-25,https://hujicareer.co.il/jobs/%d7%94%d7%9e%d7%a9%d7%a8%d7%93-%d7%9c%d7%94%d7%92%d7%a0%d7%aa-%d7%94%d7%a1%d7%91%d7%99%d7%91%d7%94-%d7%9e%d7%92%d7%99%d7%99%d7%a1-%d7%a1%d7%98%d7%95%d7%93%d7%a0%d7%98-%d7%99%d7%aa-%d7%9c%d7%aa%d7%9b-2/,,onsite,junior,huji,
לבית חולים שיקומי דרושה מרפאה בעיסוק,images (6),,2026-05-25,https://hujicareer.co.il/jobs/%d7%9c%d7%91%d7%99%d7%aa-%d7%97%d7%95%d7%9c%d7%99%d7%9d-%d7%a9%d7%99%d7%a7%d7%95%d7%9e%d7%99-%d7%93%d7%a8%d7%95%d7%a9%d7%94-%d7%9e%d7%a8%d7%a4%d7%90%d7%94-%d7%91%d7%a2%d7%99%d7%a1%d7%95%d7%a7/,,onsite,junior,huji,
מדריכים ומדריכות לקהילה תומכת אביבית,c3,ירושלים,2026-05-25,https://hujicareer.co.il/jobs/%d7%9e%d7%93%d7%a8%d7%99%d7%9b%d7%99%d7%9d-%d7%95%d7%9e%d7%93%d7%a8%d7%99%d7%9b%d7%95%d7%aa-%d7%9c%d7%a7%d7%94%d7%99%d7%9c%d7%94-%d7%aa%d7%95%d7%9e%d7%9b%d7%aa-%d7%90%d7%91%d7%99%d7%91%d7%99%d7%aa/,,onsite,junior,huji,
רכז/ת תמיכה בטכנולוגיות להוראה ולמידה - הפקולטה לרפואה,HUJI Career,ירושלים,2026-05-25,https://hujicareer.co.il/jobs/%d7%a8%d7%9b%d7%96-%d7%aa-%d7%aa%d7%9e%d7%99%d7%9b%d7%94-%d7%91%d7%98%d7%9b%d7%a0%d7%95%d7%9c%d7%95%d7%92%d7%99%d7%95%d7%aa-%d7%9c%d7%94%d7%95%d7%a8%d7%90%d7%94-%d7%95%d7%9c%d7%9e%d7%99%d7%93%d7%94-2/,,onsite,junior,huji,
משרות בחברת אופיר אופטרוניקס סולושנס,images (1),ירושלים,2026-05-25,https://hujicareer.co.il/jobs/%d7%9e%d7%a9%d7%a8%d7%95%d7%aa-%d7%91%d7%97%d7%91%d7%a8%d7%aa-%d7%90%d7%95%d7%a4%d7%99%d7%a8-%d7%90%d7%95%d7%a4%d7%98%d7%a8%d7%95%d7%a0%d7%99%d7%a7%d7%a1-%d7%a1%d7%95%d7%9c%d7%95%d7%a9%d7%a0%d7%a1/,,onsite,junior,huji,
"דרושים/ות פסיכולוגים/ות בבי""ח אסותא אשדוד",channels4_profile (1),,2026-05-25,https://hujicareer.co.il/jobs/%d7%93%d7%a8%d7%95%d7%a9%d7%99%d7%9d-%d7%95%d7%aa-%d7%a4%d7%a1%d7%99%d7%9b%d7%95%d7%9c%d7%95%d7%92%d7%99%d7%9d-%d7%95%d7%aa-%d7%91%d7%91%d7%99%d7%97-%d7%90%d7%a1%d7%95%d7%aa%d7%90-%d7%90%d7%a9%d7%93/,,onsite,junior,huji,
משרות סטודנט/ית ברשות האכיפה והגבייה,download,ירושלים,2026-05-25,https://hujicareer.co.il/jobs/%d7%9e%d7%a9%d7%a8%d7%95%d7%aa-%d7%a1%d7%98%d7%95%d7%93%d7%a0%d7%98-%d7%99%d7%aa-%d7%91%d7%a8%d7%a9%d7%95%d7%aa-%d7%94%d7%90%d7%9b%d7%99%d7%a4%d7%94-%d7%95%d7%94%d7%92%d7%91%d7%99%d7%99%d7%94/,,onsite,junior,huji,
לרשות האכיפה והגבייה דרוש/ה מנהל/ת תחום בכיר (מחקר),download,ירושלים,2026-05-25,https://hujicareer.co.il/jobs/%d7%9c%d7%a8%d7%a9%d7%95%d7%aa-%d7%94%d7%90%d7%9b%d7%99%d7%a4%d7%94-%d7%95%d7%94%d7%92%d7%91%d7%99%d7%99%d7%94-%d7%93%d7%a8%d7%95%d7%a9-%d7%94-%d7%9e%d7%a0%d7%94%d7%9c-%d7%aa-%d7%aa%d7%97%d7%95%d7%9d/,,onsite,junior,huji,
להנהלת בתי המשפט דרוש/ה מנהל/ת ענף (הסברה וקשרי ציבור),1716205201_011a140583e640002112,ירושלים,2026-05-25,https://hujicareer.co.il/jobs/%d7%9c%d7%94%d7%a0%d7%94%d7%9c%d7%aa-%d7%91%d7%aa%d7%99-%d7%94%d7%9e%d7%a9%d7%a4%d7%98-%d7%93%d7%a8%d7%95%d7%a9-%d7%94-%d7%9e%d7%a0%d7%94%d7%9c-%d7%aa-%d7%a2%d7%a0%d7%a3-%d7%94%d7%a1%d7%91%d7%a8/,,onsite,junior,huji,
לרשות לאכיפה במקרקעין דרוש/ה מנהל/ת תחום (חקירות ליבה),הרשות לאכיפה,ירושלים,2026-05-25,https://hujicareer.co.il/jobs/%d7%9c%d7%a8%d7%a9%d7%95%d7%aa-%d7%9c%d7%90%d7%9b%d7%99%d7%a4%d7%94-%d7%91%d7%9e%d7%a7%d7%a8%d7%a7%d7%a2%d7%99%d7%9f-%d7%93%d7%a8%d7%95%d7%a9-%d7%94-%d7%9e%d7%a0%d7%94%d7%9c-%d7%aa-%d7%aa%d7%97%d7%95/,,onsite,junior,huji,
בקרי/ות גבול לרשות האוכלוסין וההגירה,רשות האוכלוסין וההגירה,,2026-05-25,https://hujicareer.co.il/jobs/%d7%91%d7%a7%d7%a8%d7%99-%d7%95%d7%aa-%d7%92%d7%91%d7%95%d7%9c-%d7%9c%d7%a8%d7%a9%d7%95%d7%aa-%d7%94%d7%90%d7%95%d7%9b%d7%9c%d7%95%d7%a1%d7%99%d7%9f-%d7%95%d7%94%d7%94%d7%92%d7%99%d7%a8%d7%94/,,onsite,junior,huji,
מרכז/ת בכיר/ה תכנון סביבתי למחוז דרום - המשרד להגנת הסביבה,לוגו-המשרד-להגנת-הסביבה,באר שבע,2026-05-25,https://hujicareer.co.il/jobs/%d7%9e%d7%a8%d7%9b%d7%96-%d7%aa-%d7%91%d7%9b%d7%99%d7%a8-%d7%94-%d7%aa%d7%9b%d7%a0%d7%95%d7%9f-%d7%a1%d7%91%d7%99%d7%91%d7%aa%d7%99-%d7%9c%d7%9e%d7%97%d7%95%d7%96-%d7%93%d7%a8%d7%95%d7%9d-%d7%94/,,onsite,junior,huji,
מנחות ומנחים להעברת סדנאות למיניות מיטיבה ומניעת אלימות מינית,HUJI Career,ירושלים,2026-05-25,https://hujicareer.co.il/jobs/%d7%9e%d7%a0%d7%97%d7%95%d7%aa-%d7%95%d7%9e%d7%a0%d7%97%d7%99%d7%9d-%d7%9c%d7%94%d7%a2%d7%91%d7%a8%d7%aa-%d7%a1%d7%93%d7%a0%d7%90%d7%95%d7%aa-%d7%9c%d7%9e%d7%99%d7%a0%d7%99%d7%95%d7%aa-%d7%9e%d7%99/,,onsite,junior,huji,
דרוש.ה מוביל-ת AI,EY_logo_2019.svg,תל אביב,2026-05-24,https://hujicareer.co.il/jobs/%d7%93%d7%a8%d7%95%d7%a9-%d7%94-%d7%9e%d7%95%d7%91%d7%99%d7%9c-%d7%aa-ai/,,onsite,junior,huji,
דרוש.ה Applied AI Solution Lead,EY_logo_2019.svg,תל אביב,2026-05-24,https://hujicareer.co.il/jobs/%d7%93%d7%a8%d7%95%d7%a9-%d7%94-applied-ai-solution-lead/,,onsite,junior,huji,
סטודנט/ית למשרת מפעיל/ת טלפרומפטר וכותרות (CG),LOGO 10,ירושלים,2026-05-24,https://hujicareer.co.il/jobs/%d7%a1%d7%98%d7%95%d7%93%d7%a0%d7%98-%d7%99%d7%aa-%d7%9c%d7%9e%d7%a9%d7%a8%d7%aa-%d7%9e%d7%a4%d7%a2%d7%99%d7%9c-%d7%aa-%d7%98%d7%9c%d7%a4%d7%a8%d7%95%d7%9e%d7%a4%d7%98%d7%a8-%d7%95%d7%9b%d7%95%d7%aa-3/,,onsite,junior,huji,
סטודנט/ית למשרת תחקירן/ית בכאן חדשות,LOGO 10,ירושלים,2026-05-24,https://hujicareer.co.il/jobs/%d7%a1%d7%98%d7%95%d7%93%d7%a0%d7%98-%d7%99%d7%aa-%d7%9c%d7%9e%d7%a9%d7%a8%d7%aa-%d7%aa%d7%97%d7%a7%d7%99%d7%a8%d7%9f-%d7%99%d7%aa-%d7%91%d7%9b%d7%90%d7%9f-%d7%97%d7%93%d7%a9%d7%95%d7%aa/,,onsite,junior,huji,
למרכז הרפואי שיבא דרוש/ה רוקח/ת למערך שירותי הרוקחות,images,רמת גן,2026-05-24,https://hujicareer.co.il/jobs/%d7%9c%d7%9e%d7%a8%d7%9b%d7%96-%d7%94%d7%a8%d7%a4%d7%95%d7%90%d7%99-%d7%a9%d7%99%d7%91%d7%90-%d7%93%d7%a8%d7%95%d7%a9-%d7%94-%d7%a8%d7%95%d7%a7%d7%97-%d7%aa-%d7%9c%d7%9e%d7%a2%d7%a8%d7%9a-%d7%a9%d7%99/,,onsite,junior,huji,
"Policy Intern, Ethical and Humane Use Policy",Salesforce.com_logo,תל אביב,2026-05-24,https://hujicareer.co.il/jobs/policy-intern-ethical-and-humane-use-policy/,,onsite,junior,huji,internship
אחראי/ת בטיחות מזון,logo,,2026-05-24,https://hujicareer.co.il/jobs/%d7%90%d7%97%d7%a8%d7%90%d7%99-%d7%aa-%d7%91%d7%98%d7%99%d7%97%d7%95%d7%aa-%d7%9e%d7%96%d7%95%d7%9f/,,onsite,junior,huji,
טכנולוג/ית- מחקר ופיתוח,logo,,2026-05-24,https://hujicareer.co.il/jobs/%d7%98%d7%9b%d7%a0%d7%95%d7%9c%d7%95%d7%92-%d7%99%d7%aa-%d7%9e%d7%97%d7%a7%d7%a8-%d7%95%d7%a4%d7%99%d7%aa%d7%95%d7%97/,,onsite,junior,huji,
מדריכ/ה Python - פריסה ארצית,budi_logo,,2026-05-20,https://hujicareer.co.il/jobs/%d7%9e%d7%93%d7%a8%d7%99%d7%9b-%d7%94-python-%d7%a4%d7%a8%d7%99%d7%a1%d7%94-%d7%90%d7%a8%d7%a6%d7%99%d7%aa/,,onsite,junior,huji,
סטודנט/ית להנדסה- מכניקה ואלקטרוניקה,kratos-sq,ירושלים,2026-05-20,https://hujicareer.co.il/jobs/%d7%a1%d7%98%d7%95%d7%93%d7%a0%d7%98-%d7%99%d7%aa-%d7%9c%d7%94%d7%a0%d7%93%d7%a1%d7%94-%d7%9c%d7%a4%d7%a8%d7%95%d7%99%d7%a7%d7%98-%d7%94%d7%a8%d7%9b%d7%91%d7%94-%d7%a9%d7%9c-%d7%9e%d7%9b%d7%a9%d7%99/,,onsite,junior,huji,
"עוזר/ת אדמיניסטרטיבית ביחידה להוראת עברית - ביה""ס לתלמידי חו""ל",HUJI Career,ירושלים,2026-05-20,https://hujicareer.co.il/jobs/%d7%a2%d7%95%d7%96%d7%a8-%d7%aa-%d7%90%d7%93%d7%9e%d7%99%d7%a0%d7%99%d7%a1%d7%98%d7%a8%d7%98%d7%99%d7%91%d7%99%d7%aa-%d7%91%d7%99%d7%97%d7%99%d7%93%d7%94-%d7%9c%d7%94%d7%95%d7%a8%d7%90%d7%aa-%d7%a2/,,onsite,junior,huji,
מנהל/ת דיגיטל לחברה הערבית הרשות הלאומית לבטיחות בדרכים,download,ירושלים,2026-05-20,https://hujicareer.co.il/jobs/%d7%9e%d7%a0%d7%94%d7%9c-%d7%aa-%d7%93%d7%99%d7%92%d7%99%d7%98%d7%9c-%d7%9c%d7%97%d7%91%d7%a8%d7%94-%d7%94%d7%a2%d7%a8%d7%91%d7%99%d7%aa-%d7%94%d7%a8%d7%a9%d7%95%d7%aa-%d7%94%d7%9c%d7%90%d7%95%d7%9e/,,onsite,junior,huji,
סטודנט/ית סושיאל ותוכן דיגיטלי ליחידה להוראה ולמידה-המנהל האקדמי,HUJI Career,ירושלים,2026-05-20,https://hujicareer.co.il/jobs/%d7%a1%d7%98%d7%95%d7%93%d7%a0%d7%98-%d7%99%d7%aa-%d7%a1%d7%95%d7%a9%d7%99%d7%90%d7%9c-%d7%95%d7%aa%d7%95%d7%9b%d7%9f-%d7%93%d7%99%d7%92%d7%99%d7%98%d7%9c%d7%99-%d7%9c%d7%99%d7%97%d7%99%d7%93%d7%94/,,onsite,junior,huji,
דרוש/ה ביוטכנולוג/ית או אגרונום/ית דינמי/ת,images,,2026-05-20,https://hujicareer.co.il/jobs/%d7%93%d7%a8%d7%95%d7%a9-%d7%94-%d7%91%d7%99%d7%95%d7%98%d7%9b%d7%a0%d7%95%d7%9c%d7%95%d7%92-%d7%99%d7%aa-%d7%90%d7%95-%d7%90%d7%92%d7%a8%d7%95%d7%a0%d7%95%d7%9d-%d7%99%d7%aa-%d7%93%d7%99%d7%a0%d7%9e/,,onsite,junior,huji,
עובד/ת מעבדה במכון לאלרגיה ואימונולוגיה במרכז הרפואי שמיר,111111,,2026-05-20,https://hujicareer.co.il/jobs/%d7%a2%d7%95%d7%91%d7%93-%d7%aa-%d7%9e%d7%a2%d7%91%d7%93%d7%94-%d7%91%d7%9e%d7%9b%d7%95%d7%9f-%d7%9c%d7%90%d7%9c%d7%a8%d7%92%d7%99%d7%94-%d7%95%d7%90%d7%99%d7%9e%d7%95%d7%a0%d7%95%d7%9c%d7%95%d7%92/,,onsite,junior,huji,
ליחידת הIVF בתאגיד הבריאות שמיר דרוש/ה מזכיר/ה אחראי/ת,111111,,2026-05-20,https://hujicareer.co.il/jobs/%d7%9c%d7%99%d7%97%d7%99%d7%93%d7%aa-%d7%94ivf-%d7%91%d7%aa%d7%90%d7%92%d7%99%d7%93-%d7%94%d7%91%d7%a8%d7%99%d7%90%d7%95%d7%aa-%d7%a9%d7%9e%d7%99%d7%a8-%d7%93%d7%a8%d7%95%d7%a9-%d7%94-%d7%9e%d7%96/,,onsite,junior,huji,
לבורנט/ית B. Sc. במדעי הטבע,c3,ירושלים,2026-05-20,https://hujicareer.co.il/jobs/%d7%9c%d7%91%d7%95%d7%a8%d7%a0%d7%98-%d7%99%d7%aa-b-sc-%d7%91%d7%9e%d7%93%d7%a2%d7%99-%d7%94%d7%98%d7%91%d7%a2/,,onsite,junior,huji,
"פסיכולוג/ית מיון במחלקת מדעי ההתנהגות בשב""ס",שבס-שירות-בתי-הסוהר-שירות-לקוחות-לוגו,,2026-05-20,https://hujicareer.co.il/jobs/%d7%a4%d7%a1%d7%99%d7%9b%d7%95%d7%9c%d7%95%d7%92-%d7%99%d7%aa-%d7%9e%d7%99%d7%95%d7%9f-%d7%91%d7%9e%d7%97%d7%9c%d7%a7%d7%aa-%d7%9e%d7%93%d7%a2%d7%99-%d7%94%d7%94%d7%aa%d7%a0%d7%94%d7%92%d7%95%d7%aa/,,onsite,junior,huji,
רכזת אופרציה ומטה לחברת ייעוץ טכנולוגית ל-IT & Data Center,c3,תל אביב,2026-05-20,https://hujicareer.co.il/jobs/%d7%a8%d7%9b%d7%96%d7%aa-%d7%90%d7%95%d7%a4%d7%a8%d7%a6%d7%99%d7%94-%d7%95%d7%9e%d7%98%d7%94-%d7%9c%d7%97%d7%91%d7%a8%d7%aa-%d7%99%d7%99%d7%a2%d7%95%d7%a5-%d7%98%d7%9b%d7%a0%d7%95%d7%9c%d7%95%d7%92/,,onsite,junior,huji,
יועץ לובי וקשרי ממשל,c3,ירושלים,2026-05-20,https://hujicareer.co.il/jobs/%d7%99%d7%95%d7%a2%d7%a5-%d7%9c%d7%95%d7%91%d7%99-%d7%95%d7%a7%d7%a9%d7%a8%d7%99-%d7%9e%d7%9e%d7%a9%d7%9c/,,onsite,junior,huji,
Operations & Admin Associate at Bio-tech Startup,Screenshot 2026-05-19 134031,ירושלים,2026-05-19,https://hujicareer.co.il/jobs/operations-admin-associate-at-bio-tech-startup/,,onsite,junior,huji,
לתוכנית גרעיני אודי דרושים/ות רכזים/ות,budi_logo,,2026-05-19,https://hujicareer.co.il/jobs/7728/,,onsite,junior,huji,
ראש תחום למענים סוציאליים באגף שיקום – פתח תקווה,לוגו משרד הביטחון,פתח תקווה,2026-05-19,https://hujicareer.co.il/jobs/%d7%a8%d7%90%d7%a9-%d7%aa%d7%97%d7%95%d7%9d-%d7%9c%d7%9e%d7%a2%d7%a0%d7%99%d7%9d-%d7%a1%d7%95%d7%a6%d7%99%d7%90%d7%9c%d7%99%d7%99%d7%9d-%d7%91%d7%90%d7%92%d7%a3-%d7%a9%d7%99%d7%a7%d7%95%d7%9d/,,onsite,junior,huji,
סטודנט במחוז דרום במשרד הפנים בבאר שבע,משרד הפנים לוגו,באר שבע,2026-05-19,https://hujicareer.co.il/jobs/%d7%a1%d7%98%d7%95%d7%93%d7%a0%d7%98-%d7%91%d7%9e%d7%97%d7%95%d7%96-%d7%93%d7%a8%d7%95%d7%9d-%d7%91%d7%9e%d7%a9%d7%a8%d7%93-%d7%94%d7%a4%d7%a0%d7%99%d7%9d-%d7%91%d7%91%d7%90%d7%a8-%d7%a9%d7%91%d7%a2/,,onsite,junior,huji,
סטודנט ועדות גאוגרפיות באגף בכיר תכנון מוניציפלי במשרד הפנים בירושלים,משרד הפנים לוגו,ירושלים,2026-05-19,https://hujicareer.co.il/jobs/%d7%a1%d7%98%d7%95%d7%93%d7%a0%d7%98-%d7%95%d7%a2%d7%93%d7%95%d7%aa-%d7%92%d7%90%d7%95%d7%92%d7%a8%d7%a4%d7%99%d7%95%d7%aa-%d7%91%d7%90%d7%92%d7%a3-%d7%91%d7%9b%d7%99%d7%a8-%d7%aa%d7%9b%d7%a0%d7%95/,,onsite,junior,huji,
סטודנט ליחידת הכנסות וגביה במשרד הפנים בירושלים,משרד הפנים לוגו,ירושלים,2026-05-19,https://hujicareer.co.il/jobs/%d7%a1%d7%98%d7%95%d7%93%d7%a0%d7%98-%d7%9c%d7%99%d7%97%d7%99%d7%93%d7%aa-%d7%94%d7%9b%d7%a0%d7%a1%d7%95%d7%aa-%d7%95%d7%92%d7%91%d7%99%d7%94-%d7%91%d7%9e%d7%a9%d7%a8%d7%93-%d7%94%d7%a4%d7%a0%d7%99/,,onsite,junior,huji,
סטודנט באגף בכיר פיתוח אזוריות במשרד הפנים בירושלים,משרד הפנים לוגו,ירושלים,2026-05-19,https://hujicareer.co.il/jobs/%d7%a1%d7%98%d7%95%d7%93%d7%a0%d7%98-%d7%91%d7%90%d7%92%d7%a3-%d7%91%d7%9b%d7%99%d7%a8-%d7%a4%d7%99%d7%aa%d7%95%d7%97-%d7%90%d7%96%d7%95%d7%a8%d7%99%d7%95%d7%aa-%d7%91%d7%9e%d7%a9%d7%a8%d7%93-%d7%94/,,onsite,junior,huji,
סטודנט/ית חשבות במשרד לשוויון חברתי וקידום מעמד האישה,1234,ירושלים,2026-05-17,https://hujicareer.co.il/jobs/%d7%a1%d7%98%d7%95%d7%93%d7%a0%d7%98-%d7%99%d7%aa-%d7%97%d7%a9%d7%91%d7%95%d7%aa-%d7%91%d7%9e%d7%a9%d7%a8%d7%93-%d7%9c%d7%a9%d7%95%d7%95%d7%99%d7%95%d7%9f-%d7%97%d7%91%d7%a8%d7%aa%d7%99-%d7%95%d7%a7/,,onsite,junior,huji,
משרות פתוחות באסם-נסטלה!,HUJI Career,,2026-05-17,https://hujicareer.co.il/jobs/%d7%9e%d7%a9%d7%a8%d7%95%d7%aa-%d7%a4%d7%aa%d7%95%d7%97%d7%95%d7%aa-%d7%91%d7%90%d7%a1%d7%9d-%d7%a0%d7%a1%d7%98%d7%9c%d7%94/,,onsite,junior,huji,
סטודנט/ית להשתלבות בצוות גיוס טאלנטים,download (5),ירושלים,2026-05-17,https://hujicareer.co.il/jobs/%d7%a1%d7%98%d7%95%d7%93%d7%a0%d7%98-%d7%99%d7%aa-%d7%9c%d7%94%d7%a9%d7%aa%d7%9c%d7%91%d7%95%d7%aa-%d7%91%d7%a6%d7%95%d7%95%d7%aa-%d7%92%d7%99%d7%95%d7%a1-%d7%98%d7%90%d7%9c%d7%a0%d7%98%d7%99%d7%9d/,,onsite,junior,huji,
עובד/ת מקצועי/ת-אחזקת מבנים-האגף לבינוי ותשתיות,HUJI Career,ירושלים,2026-05-17,https://hujicareer.co.il/jobs/%d7%a2%d7%95%d7%91%d7%93-%d7%aa-%d7%9e%d7%a7%d7%a6%d7%95%d7%a2%d7%99-%d7%aa-%d7%90%d7%97%d7%96%d7%a7%d7%aa-%d7%9e%d7%91%d7%a0%d7%99%d7%9d-%d7%94%d7%90%d7%92%d7%a3-%d7%9c%d7%91%d7%99%d7%a0%d7%95%d7%99/,,onsite,junior,huji,
רכז/ת שיווק ומדיה דיגיטלית - המכון הישראלי ללימודים מתקדמים,HUJI Career,ירושלים,2026-05-17,https://hujicareer.co.il/jobs/%d7%a8%d7%9b%d7%96-%d7%aa-%d7%a9%d7%99%d7%95%d7%95%d7%a7-%d7%95%d7%9e%d7%93%d7%99%d7%94-%d7%93%d7%99%d7%92%d7%99%d7%98%d7%9c%d7%99%d7%aa-%d7%94%d7%9e%d7%9b%d7%95%d7%9f-%d7%94%d7%99%d7%a9%d7%a8%d7%90-2/,,onsite,junior,huji,
רכז/ת תקציבי מחקר בפקולטה למדעי הרוח,HUJI Career,ירושלים,2026-05-17,https://hujicareer.co.il/jobs/%d7%a8%d7%9b%d7%96-%d7%aa-%d7%aa%d7%a7%d7%a6%d7%99%d7%91%d7%99-%d7%9e%d7%97%d7%a7%d7%a8-%d7%91%d7%a4%d7%a7%d7%95%d7%9c%d7%98%d7%94-%d7%9c%d7%9e%d7%93%d7%a2%d7%99-%d7%94%d7%a8%d7%95%d7%97/,,onsite,junior,huji,
רכז/ת אדמיניסטרטיבי/ת - בית הספר לרוקחות,HUJI Career,ירושלים,2026-05-17,https://hujicareer.co.il/jobs/%d7%a8%d7%9b%d7%96-%d7%aa-%d7%90%d7%93%d7%9e%d7%99%d7%a0%d7%99%d7%a1%d7%98%d7%a8%d7%98%d7%99%d7%91%d7%99-%d7%aa-%d7%91%d7%99%d7%aa-%d7%94%d7%a1%d7%a4%d7%a8-%d7%9c%d7%a8%d7%95%d7%a7%d7%97%d7%95%d7%aa-2/,,onsite,junior,huji,
רכז/ת משאבי אנוש לתחום הנוכחות והבקרה לחטיבת משאבי אנוש,LOGO 10,ירושלים,2026-05-17,https://hujicareer.co.il/jobs/%d7%a8%d7%9b%d7%96-%d7%aa-%d7%9e%d7%a9%d7%90%d7%91%d7%99-%d7%90%d7%a0%d7%95%d7%a9-%d7%9c%d7%aa%d7%97%d7%95%d7%9d-%d7%94%d7%a0%d7%95%d7%9b%d7%97%d7%95%d7%aa-%d7%95%d7%94%d7%91%d7%a7%d7%a8%d7%94-%d7%9c/,,onsite,junior,huji,
עוזר/ת הפקה לכאן חדשות,LOGO 10,ירושלים,2026-05-17,https://hujicareer.co.il/jobs/%d7%a2%d7%95%d7%96%d7%a8-%d7%aa-%d7%94%d7%a4%d7%a7%d7%94-%d7%9c%d7%9b%d7%90%d7%9f-%d7%97%d7%93%d7%a9%d7%95%d7%aa/,,onsite,junior,huji,
סטודנט/ית למשרת תחקירן/ית בכאן חדשות - מיועד לאנשים עם מוגבלות משמעותית,LOGO 10,ירושלים,2026-05-17,https://hujicareer.co.il/jobs/%d7%a1%d7%98%d7%95%d7%93%d7%a0%d7%98-%d7%99%d7%aa-%d7%9c%d7%9e%d7%a9%d7%a8%d7%aa-%d7%aa%d7%97%d7%a7%d7%99%d7%a8%d7%9f-%d7%99%d7%aa-%d7%91%d7%9b%d7%90%d7%9f-%d7%97%d7%93%d7%a9%d7%95%d7%aa-%d7%9e/,,onsite,junior,huji,
"תחקירן/ית, כותב/ת ומגיש/ה לדסק הידע בחטיבת הדיגיטל",LOGO 10,,2026-05-17,https://hujicareer.co.il/jobs/%d7%aa%d7%97%d7%a7%d7%99%d7%a8%d7%9f-%d7%99%d7%aa-%d7%9b%d7%95%d7%aa%d7%91-%d7%aa-%d7%95%d7%9e%d7%92%d7%99%d7%a9-%d7%94-%d7%9c%d7%93%d7%a1%d7%a7-%d7%94%d7%99%d7%93%d7%a2-%d7%91%d7%97%d7%98%d7%99/,,onsite,junior,huji,
דרוש/ה סטודנט/ית לתמיכה טכנית – משרד החוץ,menora,ירושלים,2026-05-17,https://hujicareer.co.il/jobs/%d7%93%d7%a8%d7%95%d7%a9-%d7%94-%d7%a1%d7%98%d7%95%d7%93%d7%a0%d7%98-%d7%99%d7%aa-%d7%9c%d7%aa%d7%9e%d7%99%d7%9b%d7%94-%d7%98%d7%9b%d7%a0%d7%99%d7%aa-%d7%9e%d7%a9%d7%a8%d7%93-%d7%94%d7%97/,,onsite,junior,huji,
רכז/ת גיוס לארגון חברתי בירושלים,c3,ירושלים,2026-05-17,https://hujicareer.co.il/jobs/%d7%a8%d7%9b%d7%96-%d7%aa-%d7%92%d7%99%d7%95%d7%a1-%d7%9c%d7%90%d7%a8%d7%92%d7%95%d7%9f-%d7%97%d7%91%d7%a8%d7%aa%d7%99-%d7%91%d7%99%d7%a8%d7%95%d7%a9%d7%9c%d7%99%d7%9d/,,onsite,junior,huji,
דרוש/ה סטודנט/ית לחדר מצב במטה לביטחון לאומי,malal120he,ירושלים,2026-05-17,https://hujicareer.co.il/jobs/%d7%93%d7%a8%d7%95%d7%a9-%d7%94-%d7%a1%d7%98%d7%95%d7%93%d7%a0%d7%98-%d7%99%d7%aa-%d7%9c%d7%97%d7%93%d7%a8-%d7%9e%d7%a6%d7%91-%d7%91%d7%9e%d7%98%d7%94-%d7%9c%d7%91%d7%99%d7%98%d7%97%d7%95%d7%9f-%d7%9c/,,onsite,junior,huji,
לארכיון הציוני המרכזי דרוש/ה טכנאי/ת שימור - סורק/ת,__לוגו-מעודכן-2022-ארכיון,ירושלים,2026-05-17,https://hujicareer.co.il/jobs/%d7%9c%d7%90%d7%a8%d7%9b%d7%99%d7%95%d7%9f-%d7%94%d7%a6%d7%99%d7%95%d7%a0%d7%99-%d7%94%d7%9e%d7%a8%d7%9b%d7%96%d7%99-%d7%93%d7%a8%d7%95%d7%a9-%d7%94-%d7%98%d7%9b%d7%a0%d7%90%d7%99-%d7%aa-%d7%a9-2/,,onsite,junior,huji,
דרוש סטודנט באגף הון אנושי במשרד הפנים בירושלים,משרד הפנים לוגו,ירושלים,2026-05-17,https://hujicareer.co.il/jobs/%d7%93%d7%a8%d7%95%d7%a9-%d7%a1%d7%98%d7%95%d7%93%d7%a0%d7%98-%d7%91%d7%90%d7%92%d7%a3-%d7%94%d7%95%d7%9f-%d7%90%d7%a0%d7%95%d7%a9%d7%99-%d7%91%d7%9e%d7%a9%d7%a8%d7%93-%d7%94%d7%a4%d7%a0%d7%99%d7%9d-3/,,onsite,junior,huji,
מנהל/ת חדשות מכאן בשפה הערבית וסגן/נית מנהל חטיבת החדשות,LOGO 10,ירושלים,2026-05-17,https://hujicareer.co.il/jobs/%d7%9e%d7%a0%d7%94%d7%9c-%d7%aa-%d7%97%d7%93%d7%a9%d7%95%d7%aa-%d7%9e%d7%9b%d7%90%d7%9f-%d7%91%d7%a9%d7%a4%d7%94-%d7%94%d7%a2%d7%a8%d7%91%d7%99%d7%aa-%d7%95%d7%a1%d7%92%d7%9f-%d7%a0%d7%99%d7%aa-2/,,onsite,junior,huji,
מלון מוביל בירושלים מחפש מנהל/ת חוויית אירוח,c3,ירושלים,2026-05-17,https://hujicareer.co.il/jobs/%d7%9e%d7%9c%d7%95%d7%9f-%d7%9e%d7%95%d7%91%d7%99%d7%9c-%d7%91%d7%99%d7%a8%d7%95%d7%a9%d7%9c%d7%99%d7%9d-%d7%9e%d7%97%d7%a4%d7%a9-%d7%9e%d7%a0%d7%94%d7%9c-%d7%aa-%d7%97%d7%95%d7%95%d7%99%d7%99%d7%aa/,,onsite,junior,huji,
המשרד להגנת הסביבה מגייס סטודנט/ית לתכנון סביבתי במחוז דרום,לוגו-המשרד-להגנת-הסביבה,ירושלים,2026-05-17,https://hujicareer.co.il/jobs/%d7%94%d7%9e%d7%a9%d7%a8%d7%93-%d7%9c%d7%94%d7%92%d7%a0%d7%aa-%d7%94%d7%a1%d7%91%d7%99%d7%91%d7%94-%d7%9e%d7%92%d7%99%d7%99%d7%a1-%d7%a1%d7%98%d7%95%d7%93%d7%a0%d7%98-%d7%99%d7%aa-%d7%9c%d7%aa%d7%9b/,,onsite,junior,huji,
מדריכים לתכניות אלפא ואידאה של האוניברסיטה העברית לנוער,HUJI Career,ירושלים,2026-05-17,https://hujicareer.co.il/jobs/%d7%9e%d7%93%d7%a8%d7%99%d7%9b%d7%99%d7%9d-%d7%9c%d7%aa%d7%9b%d7%a0%d7%99%d7%95%d7%aa-%d7%90%d7%9c%d7%a4%d7%90-%d7%95%d7%90%d7%99%d7%93%d7%90%d7%94-%d7%a9%d7%9c-%d7%94%d7%90%d7%95%d7%a0%d7%99%d7%91/,,onsite,junior,huji,
"למשרד התקשורת, לאגף מינהל פיקוח ואכיפה, לתחום פניות ציבור דרוש/ה סטודנט/ית",MinistryOfCom,ירושלים,2026-05-17,https://hujicareer.co.il/jobs/%d7%9c%d7%9e%d7%a9%d7%a8%d7%93-%d7%94%d7%aa%d7%a7%d7%a9%d7%95%d7%a8%d7%aa-%d7%9c%d7%90%d7%92%d7%a3-%d7%9e%d7%99%d7%a0%d7%94%d7%9c-%d7%a4%d7%99%d7%a7%d7%95%d7%97-%d7%95%d7%90%d7%9b%d7%99%d7%a4%d7%94/,,onsite,junior,huji,
"למשרד התקשורת, לאגף חירום בטחון מידע וסייבר דרוש/ה סטודנט/ית",MinistryOfCom,ירושלים,2026-05-17,https://hujicareer.co.il/jobs/%d7%9c%d7%9e%d7%a9%d7%a8%d7%93-%d7%94%d7%aa%d7%a7%d7%a9%d7%95%d7%a8%d7%aa-%d7%9c%d7%90%d7%92%d7%a3-%d7%97%d7%99%d7%a8%d7%95%d7%9d-%d7%91%d7%98%d7%97%d7%95%d7%9f-%d7%9e%d7%99%d7%93%d7%a2-%d7%95%d7%a1/,,onsite,junior,huji,
יועצים סביבתיים,ABP-YOAST-Logo,,2026-05-17,https://hujicareer.co.il/jobs/%d7%99%d7%95%d7%a2%d7%a6%d7%99%d7%9d-%d7%a1%d7%91%d7%99%d7%91%d7%aa%d7%99%d7%99%d7%9d/,,onsite,junior,huji,
"דרוש/ה מתמחה למשרד עו""ד בתחום האזרחי",c3,,2026-05-10,https://hujicareer.co.il/jobs/7685/,,onsite,junior,huji,internship
עוזר/ת בכיר/ה לפיתוח אקדמי - המינהל האקדמי,HUJI Career,ירושלים,2026-05-10,https://hujicareer.co.il/jobs/%d7%a2%d7%95%d7%96%d7%a8-%d7%aa-%d7%91%d7%9b%d7%99%d7%a8-%d7%94-%d7%9c%d7%a4%d7%99%d7%aa%d7%95%d7%97-%d7%90%d7%a7%d7%93%d7%9e%d7%99-%d7%94%d7%9e%d7%99%d7%a0%d7%94%d7%9c-%d7%94%d7%90%d7%a7%d7%93/,,onsite,junior,huji,
מנהל/ת מוצר למשרה זמנית בחטיבת הדיגיטל,LOGO 10,,2026-05-10,https://hujicareer.co.il/jobs/%d7%9e%d7%a0%d7%94%d7%9c-%d7%aa-%d7%9e%d7%95%d7%a6%d7%a8-%d7%9c%d7%9e%d7%a9%d7%a8%d7%94-%d7%96%d7%9e%d7%a0%d7%99%d7%aa-%d7%91%d7%97%d7%98%d7%99%d7%91%d7%aa-%d7%94%d7%93%d7%99%d7%92%d7%99%d7%98%d7%9c/,,onsite,junior,huji,
מפיק/ה לכאן רשת ב' בכאן חדשות - במשרה חלקית,LOGO 10,ירושלים,2026-05-10,https://hujicareer.co.il/jobs/%d7%9e%d7%a4%d7%99%d7%a7-%d7%94-%d7%9c%d7%9b%d7%90%d7%9f-%d7%a8%d7%a9%d7%aa-%d7%91-%d7%91%d7%9b%d7%90%d7%9f-%d7%97%d7%93%d7%a9%d7%95%d7%aa-%d7%91%d7%9e%d7%a9%d7%a8%d7%94-%d7%97%d7%9c%d7%a7%d7%99/,,onsite,junior,huji,part_time
סטודנט/ית הדרכה ופיתוח במשרד הבריאות,HUJI Career,,2026-05-10,https://hujicareer.co.il/jobs/%d7%a1%d7%98%d7%95%d7%93%d7%a0%d7%98-%d7%99%d7%aa-%d7%94%d7%93%d7%a8%d7%9b%d7%94-%d7%95%d7%a4%d7%99%d7%aa%d7%95%d7%97-%d7%91%d7%9e%d7%a9%d7%a8%d7%93-%d7%94%d7%91%d7%a8%d7%99%d7%90%d7%95%d7%aa/,,onsite,junior,huji,
מנהל/ת פרויקטים בתחום איכות ובטיחות מזון,HUJI Career,,2026-05-10,https://hujicareer.co.il/jobs/%d7%9e%d7%a0%d7%94%d7%9c-%d7%aa-%d7%a4%d7%a8%d7%95%d7%99%d7%a7%d7%98%d7%99%d7%9d-%d7%91%d7%aa%d7%97%d7%95%d7%9d-%d7%90%d7%99%d7%9b%d7%95%d7%aa-%d7%95%d7%91%d7%98%d7%99%d7%97%d7%95%d7%aa-%d7%9e%d7%96/,,onsite,junior,huji,
דרוש/ה מתאם/ת מחקר בתחום התזונה,111111,,2026-05-10,https://hujicareer.co.il/jobs/%d7%93%d7%a8%d7%95%d7%a9-%d7%94-%d7%9e%d7%aa%d7%90%d7%9d-%d7%aa-%d7%9e%d7%97%d7%a7%d7%a8-%d7%91%d7%aa%d7%97%d7%95%d7%9d-%d7%94%d7%aa%d7%96%d7%95%d7%a0%d7%94/,,onsite,junior,huji,
מפיק/ת פוסט לחטיבת הדיגיטל,LOGO 10,,2026-05-10,https://hujicareer.co.il/jobs/%d7%9e%d7%a4%d7%99%d7%a7-%d7%aa-%d7%a4%d7%95%d7%a1%d7%98-%d7%9c%d7%97%d7%98%d7%99%d7%91%d7%aa-%d7%94%d7%93%d7%99%d7%92%d7%99%d7%98%d7%9c/,,onsite,junior,huji,
ראש/ת דסק לדיגיטל החדשותי בכאן חדשות,LOGO 10,ירושלים,2026-05-10,https://hujicareer.co.il/jobs/%d7%a8%d7%90%d7%a9-%d7%aa-%d7%93%d7%a1%d7%a7-%d7%9c%d7%93%d7%99%d7%92%d7%99%d7%98%d7%9c-%d7%94%d7%97%d7%93%d7%a9%d7%95%d7%aa%d7%99-%d7%91%d7%9b%d7%90%d7%9f-%d7%97%d7%93%d7%a9%d7%95%d7%aa/,,onsite,junior,huji,
סטודנט/ית למשרת מפעיל/ת טלפרומפטר וכותרות (CG),LOGO 10,ירושלים,2026-05-10,https://hujicareer.co.il/jobs/%d7%a1%d7%98%d7%95%d7%93%d7%a0%d7%98-%d7%99%d7%aa-%d7%9c%d7%9e%d7%a9%d7%a8%d7%aa-%d7%9e%d7%a4%d7%a2%d7%99%d7%9c-%d7%aa-%d7%98%d7%9c%d7%a4%d7%a8%d7%95%d7%9e%d7%a4%d7%98%d7%a8-%d7%95%d7%9b%d7%95%d7%aa-2/,,onsite,junior,huji,
מנהלן/ית הוראה ותלמידים - בית הספר לרפואה,HUJI Career,ירושלים,2026-05-10,https://hujicareer.co.il/jobs/%d7%9e%d7%a0%d7%94%d7%9c%d7%9f-%d7%99%d7%aa-%d7%94%d7%95%d7%a8%d7%90%d7%94-%d7%95%d7%aa%d7%9c%d7%9e%d7%99%d7%93%d7%99%d7%9d-%d7%91%d7%99%d7%aa-%d7%94%d7%a1%d7%a4%d7%a8-%d7%9c%d7%a8%d7%a4%d7%95%d7%90-2/,,onsite,junior,huji,
דרושים סטודנטים לאגף בכיר תקציבים במשרד הפנים בירושלים,משרד הפנים לוגו,ירושלים,2026-05-10,https://hujicareer.co.il/jobs/%d7%93%d7%a8%d7%95%d7%a9%d7%99%d7%9d-%d7%a1%d7%98%d7%95%d7%93%d7%a0%d7%98%d7%99%d7%9d-%d7%9c%d7%90%d7%92%d7%a3-%d7%91%d7%9b%d7%99%d7%a8-%d7%aa%d7%a7%d7%a6%d7%99%d7%91%d7%99%d7%9d-%d7%91%d7%9e%d7%a9-6/,,onsite,junior,huji,
אחראי/ת AI,c3,ירושלים,2026-05-10,https://hujicareer.co.il/jobs/%d7%90%d7%97%d7%a8%d7%90%d7%99-%d7%aa-ai/,,onsite,junior,huji,
דרוש/ה מתמחה למשרד עורכי דין העוסק במשפט בינלאומי,c3,,2026-05-10,https://hujicareer.co.il/jobs/%d7%93%d7%a8%d7%95%d7%a9-%d7%94-%d7%9e%d7%aa%d7%9e%d7%97%d7%94-%d7%9c%d7%9e%d7%a9%d7%a8%d7%93-%d7%a2%d7%95%d7%a8%d7%9b%d7%99-%d7%93%d7%99%d7%9f-%d7%94%d7%a2%d7%95%d7%a1%d7%a7-%d7%91%d7%9e%d7%a9%d7%a4/,,onsite,junior,huji,internship
דרוש/ה סטודנט/ית לחטיבת ניהול ההון האנושי במשרד המשפטים,MinistryOfJustice-300x239,ירושלים,2026-05-10,https://hujicareer.co.il/jobs/%d7%93%d7%a8%d7%95%d7%a9-%d7%94-%d7%a1%d7%98%d7%95%d7%93%d7%a0%d7%98-%d7%99%d7%aa-%d7%9c%d7%97%d7%98%d7%99%d7%91%d7%aa-%d7%a0%d7%99%d7%94%d7%95%d7%9c-%d7%94%d7%94%d7%95%d7%9f-%d7%94%d7%90%d7%a0%d7%95/,,onsite,junior,huji,
דרוש/ה ר’ תחום איתור ואיסוף מידע לאגף שיקום במשרד הביטחון,לוגו משרד הביטחון,פתח תקווה,2026-05-06,https://hujicareer.co.il/jobs/%d7%93%d7%a8%d7%95%d7%a9-%d7%94-%d7%a8-%d7%aa%d7%97%d7%95%d7%9d-%d7%90%d7%99%d7%aa%d7%95%d7%a8-%d7%95%d7%90%d7%99%d7%a1%d7%95%d7%a3-%d7%9e%d7%99%d7%93%d7%a2-%d7%9c%d7%90%d7%92%d7%a3-%d7%a9/,,onsite,junior,huji,
משרות פתוחות באגף שיקום במשרד הביטחון,לוגו משרד הביטחון,,2026-05-06,https://hujicareer.co.il/jobs/%d7%9e%d7%a9%d7%a8%d7%95%d7%aa-%d7%a4%d7%aa%d7%95%d7%97%d7%95%d7%aa-%d7%91%d7%90%d7%92%d7%a3-%d7%a9%d7%99%d7%a7%d7%95%d7%9d-%d7%91%d7%9e%d7%a9%d7%a8%d7%93-%d7%94%d7%91%d7%99%d7%98%d7%97%d7%95%d7%9f/,,onsite,junior,huji,
משרות פתוחות בערוץ הכנסת,Knessetch10.svg,ירושלים,2026-05-04,https://hujicareer.co.il/jobs/%d7%9e%d7%a9%d7%a8%d7%95%d7%aa-%d7%a4%d7%aa%d7%95%d7%97%d7%95%d7%aa-%d7%91%d7%a2%d7%a8%d7%95%d7%a5-%d7%94%d7%9b%d7%a0%d7%a1%d7%aa/,,onsite,junior,huji,
Electrical Engineering Student,Silentium-Logo-HighQ,,2026-05-04,https://hujicareer.co.il/jobs/electrical-engineering-student/,,onsite,junior,huji,
"סטודנט/ית לאגף הון אנושי, במשרד לשוויון חברתי וקידום מעמד האישה",1234,ירושלים,2026-05-04,https://hujicareer.co.il/jobs/%d7%a1%d7%98%d7%95%d7%93%d7%a0%d7%98-%d7%99%d7%aa-%d7%9c%d7%90%d7%92%d7%a3-%d7%94%d7%95%d7%9f-%d7%90%d7%a0%d7%95%d7%a9%d7%99-%d7%91%d7%9e%d7%a9%d7%a8%d7%93-%d7%9c%d7%a9%d7%95%d7%95%d7%99%d7%95%d7%9f/,,onsite,junior,huji,
"סטודנט/ית ללשכת המנכ""ל ולבית הספר לתקשורת",LOGO 10,ירושלים,2026-05-04,https://hujicareer.co.il/jobs/%d7%a1%d7%98%d7%95%d7%93%d7%a0%d7%98-%d7%99%d7%aa-%d7%9c%d7%9c%d7%a9%d7%9b%d7%aa-%d7%94%d7%9e%d7%a0%d7%9b%d7%9c-%d7%95%d7%9c%d7%91%d7%99%d7%aa-%d7%94%d7%a1%d7%a4%d7%a8-%d7%9c%d7%aa%d7%a7%d7%a9%d7%95/,,onsite,junior,huji,
נתב/ת תמונה בכאן חדשות,LOGO 10,ירושלים,2026-05-04,https://hujicareer.co.il/jobs/%d7%a0%d7%aa%d7%91-%d7%aa-%d7%aa%d7%9e%d7%95%d7%a0%d7%94-%d7%91%d7%9b%d7%90%d7%9f-%d7%97%d7%93%d7%a9%d7%95%d7%aa/,,onsite,junior,huji,
סטודנט/ית טכנאי/ת רדיו,LOGO 10,ירושלים,2026-05-04,https://hujicareer.co.il/jobs/%d7%a1%d7%98%d7%95%d7%93%d7%a0%d7%98-%d7%99%d7%aa-%d7%98%d7%9b%d7%a0%d7%90%d7%99-%d7%aa-%d7%a8%d7%93%d7%99%d7%95/,,onsite,junior,huji,
מנהל/ת טרנדים וקריאייטיב לחטיבת הדיגיטל,LOGO 10,,2026-05-04,https://hujicareer.co.il/jobs/%d7%9e%d7%a0%d7%94%d7%9c-%d7%aa-%d7%98%d7%a8%d7%a0%d7%93%d7%99%d7%9d-%d7%95%d7%a7%d7%a8%d7%99%d7%90%d7%99%d7%99%d7%98%d7%99%d7%91-%d7%9c%d7%97%d7%98%d7%99%d7%91%d7%aa-%d7%94%d7%93%d7%99%d7%92%d7%99/,,onsite,junior,huji,
רכז/ת תקציבי מחקר-המכון לפיזיקה יישומית,HUJI Career,ירושלים,2026-05-04,https://hujicareer.co.il/jobs/%d7%a8%d7%9b%d7%96-%d7%aa-%d7%aa%d7%a7%d7%a6%d7%99%d7%91%d7%99-%d7%9e%d7%97%d7%a7%d7%a8-%d7%94%d7%9e%d7%9b%d7%95%d7%9f-%d7%9c%d7%a4%d7%99%d7%96%d7%99%d7%a7%d7%94-%d7%99%d7%99%d7%a9%d7%95%d7%9e%d7%99/,,onsite,junior,huji,
מנהלן/ית הוראה ותלמידים - בית הספר לרפואה,HUJI Career,ירושלים,2026-05-04,https://hujicareer.co.il/jobs/%d7%9e%d7%a0%d7%94%d7%9c%d7%9f-%d7%99%d7%aa-%d7%94%d7%95%d7%a8%d7%90%d7%94-%d7%95%d7%aa%d7%9c%d7%9e%d7%99%d7%93%d7%99%d7%9d-%d7%91%d7%99%d7%aa-%d7%94%d7%a1%d7%a4%d7%a8-%d7%9c%d7%a8%d7%a4%d7%95%d7%90/,,onsite,junior,huji,
ממונה על הגנת הפרטיות וניהול סיכונים - הנהלה,HUJI Career,ירושלים,2026-05-04,https://hujicareer.co.il/jobs/%d7%9e%d7%9e%d7%95%d7%a0%d7%94-%d7%a2%d7%9c-%d7%94%d7%92%d7%a0%d7%aa-%d7%94%d7%a4%d7%a8%d7%98%d7%99%d7%95%d7%aa-%d7%95%d7%a0%d7%99%d7%94%d7%95%d7%9c-%d7%a1%d7%99%d7%9b%d7%95%d7%a0%d7%99%d7%9d-%d7%94/,,onsite,junior,huji,
מנהל/ת היחידה לניתוח ותכנון מדיניות - לשכת הנשיא,HUJI Career,ירושלים,2026-05-04,https://hujicareer.co.il/jobs/%d7%9e%d7%a0%d7%94%d7%9c-%d7%aa-%d7%94%d7%99%d7%97%d7%99%d7%93%d7%94-%d7%9c%d7%a0%d7%99%d7%aa%d7%95%d7%97-%d7%95%d7%aa%d7%9b%d7%a0%d7%95%d7%9f-%d7%9e%d7%93%d7%99%d7%a0%d7%99%d7%95%d7%aa-%d7%9c%d7%a9/,,onsite,junior,huji,
רכז/ת תוכנית דוקטורנטים ובינלאומיות - הפקולטה למדעי החברה,HUJI Career,ירושלים,2026-05-04,https://hujicareer.co.il/jobs/%d7%a8%d7%9b%d7%96-%d7%aa-%d7%aa%d7%95%d7%9b%d7%a0%d7%99%d7%aa-%d7%93%d7%95%d7%a7%d7%98%d7%95%d7%a8%d7%a0%d7%98%d7%99%d7%9d-%d7%95%d7%91%d7%99%d7%a0%d7%9c%d7%90%d7%95%d7%9e%d7%99%d7%95%d7%aa-%d7%94/,,onsite,junior,huji,
דרושים מנהל/ת סושיאל ומנהל/ת קמפיינים PPC,cropped-Untitled-design-1,ירושלים,2026-05-04,https://hujicareer.co.il/jobs/%d7%93%d7%a8%d7%95%d7%a9%d7%99%d7%9d-%d7%9e%d7%a0%d7%94%d7%9c-%d7%aa-%d7%a1%d7%95%d7%a9%d7%99%d7%90%d7%9c-%d7%95%d7%9e%d7%a0%d7%94%d7%9c-%d7%aa-%d7%a7%d7%9e%d7%a4%d7%99%d7%99%d7%a0%d7%99%d7%9d-ppc/,,onsite,junior,huji,
למדפיס הממשלתי בירושלים דרוש/ה מרכז/ת בכיר/ה הון אנושי,HUJI Career,ירושלים,2026-05-04,https://hujicareer.co.il/jobs/%d7%9c%d7%9e%d7%93%d7%a4%d7%99%d7%a1-%d7%94%d7%9e%d7%9e%d7%a9%d7%9c%d7%aa%d7%99-%d7%91%d7%99%d7%a8%d7%95%d7%a9%d7%9c%d7%99%d7%9d-%d7%93%d7%a8%d7%95%d7%a9-%d7%94-%d7%9e%d7%a8%d7%9b%d7%96-%d7%aa-%d7%91/,,onsite,junior,huji,
לבורנט/ית .M. Sc במדעי הטבע,c3,ירושלים,2026-05-04,https://hujicareer.co.il/jobs/%d7%9c%d7%91%d7%95%d7%a8%d7%a0%d7%98-%d7%99%d7%aa-m-sc-%d7%91%d7%9e%d7%93%d7%a2%d7%99-%d7%94%d7%98%d7%91%d7%a2/,,onsite,junior,huji,
דרושים אנשי טיפול בראשון לציון,c3,ראשון לציון,2026-05-04,https://hujicareer.co.il/jobs/7640/,,onsite,junior,huji,
סטודנט/ית לעזרה אדמיניסטרטיבית תכנית עמיתי מרטין בובר,HUJI Career,ירושלים,2026-05-04,https://hujicareer.co.il/jobs/%d7%a1%d7%98%d7%95%d7%93%d7%a0%d7%98-%d7%99%d7%aa-%d7%9c%d7%a2%d7%96%d7%a8%d7%94-%d7%90%d7%93%d7%9e%d7%99%d7%a0%d7%99%d7%a1%d7%98%d7%a8%d7%98%d7%99%d7%91%d7%99%d7%aa-%d7%aa%d7%9b%d7%a0%d7%99%d7%aa/,,onsite,junior,huji,
רכז/ת אדמיניסטרטיבי/ת - בפקולטה לרפואה,HUJI Career,ירושלים,2026-05-04,https://hujicareer.co.il/jobs/%d7%a8%d7%9b%d7%96-%d7%aa-%d7%90%d7%93%d7%9e%d7%99%d7%a0%d7%99%d7%a1%d7%98%d7%a8%d7%98%d7%99%d7%91%d7%99-%d7%aa-%d7%91%d7%a4%d7%a7%d7%95%d7%9c%d7%98%d7%94-%d7%9c%d7%a8%d7%a4%d7%95%d7%90%d7%94/,,onsite,junior,huji,
סוקר/ת ומבדקי איכות ובטיחות מזון,HUJI Career,,2026-05-04,https://hujicareer.co.il/jobs/%d7%a1%d7%95%d7%a7%d7%a8-%d7%aa-%d7%95%d7%9e%d7%91%d7%93%d7%a7%d7%99-%d7%90%d7%99%d7%9b%d7%95%d7%aa-%d7%95%d7%91%d7%98%d7%99%d7%97%d7%95%d7%aa-%d7%9e%d7%96%d7%95%d7%9f/,,onsite,junior,huji,
סטודנט/ית למחלקת הגרפיקה בחטיבת החדשות,LOGO 10,ירושלים,2026-05-04,https://hujicareer.co.il/jobs/%d7%a1%d7%98%d7%95%d7%93%d7%a0%d7%98-%d7%99%d7%aa-%d7%9c%d7%9e%d7%97%d7%9c%d7%a7%d7%aa-%d7%94%d7%92%d7%a8%d7%a4%d7%99%d7%a7%d7%94-%d7%91%d7%97%d7%98%d7%99%d7%91%d7%aa-%d7%94%d7%97%d7%93%d7%a9%d7%95-3/,,onsite,junior,huji,
מפיק/ת תוכניות ו/או מהדורות בחטיבת החדשות,LOGO 10,ירושלים,2026-05-04,https://hujicareer.co.il/jobs/%d7%9e%d7%a4%d7%99%d7%a7-%d7%aa-%d7%aa%d7%95%d7%9b%d7%a0%d7%99%d7%95%d7%aa-%d7%95-%d7%90%d7%95-%d7%9e%d7%94%d7%93%d7%95%d7%a8%d7%95%d7%aa-%d7%91%d7%97%d7%98%d7%99%d7%91%d7%aa-%d7%94%d7%97%d7%93%d7%a9/,,onsite,junior,huji,
תחקירן/ית ומפיק/ה לכאן רשת ב' לחטיבת החדשות,LOGO 10,,2026-05-04,https://hujicareer.co.il/jobs/%d7%aa%d7%97%d7%a7%d7%99%d7%a8%d7%9f-%d7%99%d7%aa-%d7%95%d7%9e%d7%a4%d7%99%d7%a7-%d7%94-%d7%9c%d7%9b%d7%90%d7%9f-%d7%a8%d7%a9%d7%aa-%d7%91-%d7%9c%d7%97%d7%98%d7%99%d7%91%d7%aa-%d7%94%d7%97%d7%93/,,onsite,junior,huji,
סטודנט/ית ללשכה המשפטית בתאגיד השידור הישראלי,LOGO 10,ירושלים,2026-05-04,https://hujicareer.co.il/jobs/%d7%a1%d7%98%d7%95%d7%93%d7%a0%d7%98-%d7%99%d7%aa-%d7%9c%d7%9c%d7%a9%d7%9b%d7%94-%d7%94%d7%9e%d7%a9%d7%a4%d7%98%d7%99%d7%aa-%d7%91%d7%aa%d7%90%d7%92%d7%99%d7%93-%d7%94%d7%a9%d7%99%d7%93%d7%95%d7%a8/,,onsite,junior,huji,
דרוש/ה מנהל/ת מרפאה רב מקצועית למרכז ירושלמי לבריאות הנפש,Israeli_Civil_Service_Commission.svg,ירושלים,2026-05-04,https://hujicareer.co.il/jobs/%d7%93%d7%a8%d7%95%d7%a9-%d7%94-%d7%9e%d7%a0%d7%94%d7%9c-%d7%aa-%d7%9e%d7%a8%d7%a4%d7%90%d7%94-%d7%a8%d7%91-%d7%9e%d7%a7%d7%a6%d7%95%d7%a2%d7%99%d7%aa-%d7%9c%d7%9e%d7%a8%d7%9b%d7%96-%d7%99%d7%a8%d7%95/,,onsite,junior,huji,
ללשכת הבריאות ירושלים דרוש/ה מפקח/ת מזון,Israeli_Civil_Service_Commission.svg,ירושלים,2026-05-04,https://hujicareer.co.il/jobs/%d7%9c%d7%9c%d7%a9%d7%9b%d7%aa-%d7%94%d7%91%d7%a8%d7%99%d7%90%d7%95%d7%aa-%d7%99%d7%a8%d7%95%d7%a9%d7%9c%d7%99%d7%9d-%d7%93%d7%a8%d7%95%d7%a9-%d7%94-%d7%9e%d7%a4%d7%a7%d7%97-%d7%aa-%d7%9e%d7%96%d7%95/,,onsite,junior,huji,
משרות סטודנט/ית - חטיבת הסייבר משטרת ישראל,חטיבת הסייבר,ירושלים,2026-05-04,https://hujicareer.co.il/jobs/7628/,,onsite,junior,huji,
משרת סטודנט.ית לבנק מוביל בירושלים,description-logo,ירושלים,2026-05-04,https://hujicareer.co.il/jobs/%d7%9e%d7%a9%d7%a8%d7%aa-%d7%a1%d7%98%d7%95%d7%93%d7%a0%d7%98-%d7%99%d7%aa-%d7%9c%d7%91%d7%a0%d7%a7-%d7%9e%d7%95%d7%91%d7%99%d7%9c-%d7%91%d7%99%d7%a8%d7%95%d7%a9%d7%9c%d7%99%d7%9d/,,onsite,junior,huji,
רכז.ת חונכויות ליחידה לשוויון הזדמנויות בקמפוס עין כרם,HUJI Career,ירושלים,2026-05-04,https://hujicareer.co.il/jobs/%d7%a8%d7%9b%d7%96-%d7%aa-%d7%97%d7%95%d7%a0%d7%9b%d7%95%d7%99%d7%95%d7%aa-%d7%9c%d7%99%d7%97%d7%99%d7%93%d7%94-%d7%9c%d7%a9%d7%95%d7%95%d7%99%d7%95%d7%9f-%d7%94%d7%96%d7%93%d7%9e%d7%a0%d7%95%d7%99/,,onsite,junior,huji,
"עובדים סוציאליים, מרפאים בעיסוק ויועצי תעסוקה",c3,,2026-05-04,https://hujicareer.co.il/jobs/%d7%a2%d7%95%d7%91%d7%93%d7%99%d7%9d-%d7%a1%d7%95%d7%a6%d7%99%d7%90%d7%9c%d7%99%d7%99%d7%9d-%d7%9e%d7%a8%d7%a4%d7%90%d7%99%d7%9d-%d7%91%d7%a2%d7%99%d7%a1%d7%95%d7%a7-%d7%95%d7%99%d7%95%d7%a2%d7%a6/,,onsite,junior,huji,
רכז/ת נושא מינהל רפואי ופרויקטים למרכז רפואי שמיר,111111,,2026-05-04,https://hujicareer.co.il/jobs/%d7%a8%d7%9b%d7%96-%d7%aa-%d7%a0%d7%95%d7%a9%d7%90-%d7%9e%d7%99%d7%a0%d7%94%d7%9c-%d7%a8%d7%a4%d7%95%d7%90%d7%99-%d7%95%d7%a4%d7%a8%d7%95%d7%99%d7%a7%d7%98%d7%99%d7%9d-%d7%9c%d7%9e%d7%a8%d7%9b%d7%96/,,onsite,junior,huji,
"למשרד התקשורת, לאגף בכיר שידורים, דרוש/ה סטודנט/ית",MinistryOfCom,ירושלים,2026-05-04,https://hujicareer.co.il/jobs/%d7%9c%d7%9e%d7%a9%d7%a8%d7%93-%d7%94%d7%aa%d7%a7%d7%a9%d7%95%d7%a8%d7%aa-%d7%9c%d7%90%d7%92%d7%a3-%d7%91%d7%9b%d7%99%d7%a8-%d7%a9%d7%99%d7%93%d7%95%d7%a8%d7%99%d7%9d-%d7%93%d7%a8%d7%95%d7%a9-%d7%94/,,onsite,junior,huji,
עורך/ת תסקירי סביבה .M. Sc,c3,ירושלים,2026-05-04,https://hujicareer.co.il/jobs/%d7%a2%d7%95%d7%a8%d7%9a-%d7%aa-%d7%aa%d7%a1%d7%a7%d7%99%d7%a8%d7%99-%d7%a1%d7%91%d7%99%d7%91%d7%94-m-sc/,,onsite,junior,huji,
מומחה/ית מערכות הזדהות - האגף למחשוב,HUJI Career,ירושלים,2026-05-04,https://hujicareer.co.il/jobs/%d7%9e%d7%95%d7%9e%d7%97%d7%94-%d7%99%d7%aa-%d7%9e%d7%a2%d7%a8%d7%9b%d7%95%d7%aa-%d7%94%d7%96%d7%93%d7%94%d7%95%d7%aa-%d7%94%d7%90%d7%92%d7%a3-%d7%9c%d7%9e%d7%97%d7%a9%d7%95%d7%91/,,onsite,junior,huji,
טכנופדגוג - היחידה להוראה ולמידה,HUJI Career,ירושלים,2026-05-04,https://hujicareer.co.il/jobs/%d7%98%d7%9b%d7%a0%d7%95%d7%a4%d7%93%d7%92%d7%95%d7%92-%d7%94%d7%99%d7%97%d7%99%d7%93%d7%94-%d7%9c%d7%94%d7%95%d7%a8%d7%90%d7%94-%d7%95%d7%9c%d7%9e%d7%99%d7%93%d7%94/,,onsite,junior,huji,
רכז.ת לסטודנטים מהחברה האתיופית,לוגו-המרכז-הרב-תחומי-02,ירושלים,2026-05-04,https://hujicareer.co.il/jobs/%d7%a8%d7%9b%d7%96-%d7%aa-%d7%9c%d7%a1%d7%98%d7%95%d7%93%d7%a0%d7%98%d7%99%d7%9d-%d7%9e%d7%94%d7%97%d7%91%d7%a8%d7%94-%d7%94%d7%90%d7%aa%d7%99%d7%95%d7%a4%d7%99%d7%aa/,,onsite,junior,huji,
כותב/ת תוכן בבית הספר למנהל עסקים,HUJI Career,ירושלים,2026-05-04,https://hujicareer.co.il/jobs/%d7%9b%d7%95%d7%aa%d7%91-%d7%aa-%d7%aa%d7%95%d7%9b%d7%9f-%d7%91%d7%91%d7%99%d7%aa-%d7%94%d7%a1%d7%a4%d7%a8-%d7%9c%d7%9e%d7%a0%d7%94%d7%9c-%d7%a2%d7%a1%d7%a7%d7%99%d7%9d/,,onsite,junior,huji,
Marketing Manager,6887caff008e7f93e889abb8,מהבית,2026-05-04,https://hujicareer.co.il/jobs/marketing-manager/,,remote,junior,huji,
"מנהל/ת תחום מחקר, הערכה ומדידה לעיריית ירושלים",jerusalem,ירושלים,2026-04-29,https://hujicareer.co.il/jobs/%d7%9e%d7%a0%d7%94%d7%9c-%d7%aa-%d7%aa%d7%97%d7%95%d7%9d-%d7%9e%d7%97%d7%a7%d7%a8-%d7%94%d7%a2%d7%a8%d7%9b%d7%94-%d7%95%d7%9e%d7%93%d7%99%d7%93%d7%94-%d7%9c%d7%a2%d7%99%d7%a8%d7%99%d7%99%d7%aa-%d7%99/,,onsite,junior,huji,
דרוש/ה סטודנט/ית לחוק חופש המידע במשרד התקשורת,MinistryOfCom,ירושלים,2026-04-29,https://hujicareer.co.il/jobs/%d7%93%d7%a8%d7%95%d7%a9-%d7%94-%d7%a1%d7%98%d7%95%d7%93%d7%a0%d7%98-%d7%99%d7%aa-%d7%9c%d7%97%d7%95%d7%a7-%d7%97%d7%95%d7%a4%d7%a9-%d7%94%d7%9e%d7%99%d7%93%d7%a2-%d7%91%d7%9e%d7%a9%d7%a8%d7%93-%d7%94/,,onsite,junior,huji,
סטודנט/ית לפרויקט זמני בארכיון תאגיד השידור הישראלי,LOGO 10,ירושלים,2026-04-29,https://hujicareer.co.il/jobs/%d7%a1%d7%98%d7%95%d7%93%d7%a0%d7%98-%d7%99%d7%aa-%d7%9c%d7%a4%d7%a8%d7%95%d7%99%d7%a7%d7%98-%d7%96%d7%9e%d7%a0%d7%99-%d7%91%d7%90%d7%a8%d7%9b%d7%99%d7%95%d7%9f-%d7%aa%d7%90%d7%92%d7%99%d7%93-%d7%94/,,onsite,junior,huji,
רכז.ת תרבות ופנאי באגודת הסטודנטים,אגודת הסטודנטים,ירושלים,2026-04-29,https://hujicareer.co.il/jobs/%d7%a8%d7%9b%d7%96-%d7%aa-%d7%aa%d7%a8%d7%91%d7%95%d7%aa-%d7%95%d7%a4%d7%a0%d7%90%d7%99-%d7%91%d7%90%d7%92%d7%95%d7%93%d7%aa-%d7%94%d7%a1%d7%98%d7%95%d7%93%d7%a0%d7%98%d7%99%d7%9d/,,onsite,junior,huji,
רכז.ת תמיכת למידה וזכויות מילואים באגודת הסטודנטים,אגודת הסטודנטים,ירושלים,2026-04-29,https://hujicareer.co.il/jobs/%d7%a8%d7%9b%d7%96-%d7%aa-%d7%aa%d7%9e%d7%99%d7%9b%d7%aa-%d7%9c%d7%9e%d7%99%d7%93%d7%94-%d7%95%d7%96%d7%9b%d7%95%d7%99%d7%95%d7%aa-%d7%9e%d7%99%d7%9c%d7%95%d7%90%d7%99%d7%9d-%d7%91%d7%90%d7%92%d7%95/,,onsite,junior,huji,
רכז.ת חברה ערבית באגודת הסטודנטים,אגודת הסטודנטים,ירושלים,2026-04-29,https://hujicareer.co.il/jobs/%d7%a8%d7%9b%d7%96-%d7%aa-%d7%97%d7%91%d7%a8%d7%94-%d7%a2%d7%a8%d7%91%d7%99%d7%aa-%d7%91%d7%90%d7%92%d7%95%d7%93%d7%aa-%d7%94%d7%a1%d7%98%d7%95%d7%93%d7%a0%d7%98%d7%99%d7%9d/,,onsite,junior,huji,
מהנדס/ת או הנדסאי/ת בניין,logo_big,תל אביב,2026-04-29,https://hujicareer.co.il/jobs/%d7%9e%d7%94%d7%a0%d7%93%d7%a1-%d7%aa-%d7%90%d7%95-%d7%94%d7%a0%d7%93%d7%a1%d7%90%d7%99-%d7%aa-%d7%91%d7%a0%d7%99%d7%99%d7%9f/,,onsite,junior,huji,
עוזר/ת אדמיניסטרטיבי/ת במרכז לרפואה חישובית,HUJI Career,ירושלים,2026-04-29,https://hujicareer.co.il/jobs/%d7%a2%d7%95%d7%96%d7%a8-%d7%aa-%d7%90%d7%93%d7%9e%d7%99%d7%a0%d7%99%d7%a1%d7%98%d7%a8%d7%98%d7%99%d7%91%d7%99-%d7%aa-%d7%91%d7%9e%d7%a8%d7%9b%d7%96-%d7%9c%d7%a8%d7%a4%d7%95%d7%90%d7%94-%d7%97%d7%99/,,onsite,junior,huji,
"סטודנט ללשכת מנכ""ל משרד הפנים",משרד הפנים לוגו,ירושלים,2026-04-29,https://hujicareer.co.il/jobs/%d7%a1%d7%98%d7%95%d7%93%d7%a0%d7%98-%d7%9c%d7%9c%d7%a9%d7%9b%d7%aa-%d7%9e%d7%a0%d7%9b%d7%9c-%d7%9e%d7%a9%d7%a8%d7%93-%d7%94%d7%a4%d7%a0%d7%99%d7%9d/,,onsite,junior,huji,
סטודנט לאגף למידה ארגונית במשרד הפנים,משרד הפנים לוגו,ירושלים,2026-04-29,https://hujicareer.co.il/jobs/%d7%a1%d7%98%d7%95%d7%93%d7%a0%d7%98-%d7%9c%d7%90%d7%92%d7%a3-%d7%9c%d7%9e%d7%99%d7%93%d7%94-%d7%90%d7%a8%d7%92%d7%95%d7%a0%d7%99%d7%aa-%d7%91%d7%9e%d7%a9%d7%a8%d7%93-%d7%94%d7%a4%d7%a0%d7%99%d7%9d/,,onsite,junior,huji,
חוקר/ת M. Sc. / Ph. D. במדעי הטבע,c3,ירושלים,2026-04-29,https://hujicareer.co.il/jobs/%d7%97%d7%95%d7%a7%d7%a8-%d7%aa-m-sc-ph-d-%d7%91%d7%9e%d7%93%d7%a2%d7%99-%d7%94%d7%98%d7%91%d7%a2/,,onsite,junior,huji,
מנהל/ת גיוס ומיתוג במשרד התקשורת,MinistryOfCom,ירושלים,2026-04-29,https://hujicareer.co.il/jobs/7593/,,onsite,junior,huji,
סטודנט/ית לאגף תקציב הפיתוח במשרד החינוך,HUJI Career,ירושלים,2026-04-29,https://hujicareer.co.il/jobs/%d7%a1%d7%98%d7%95%d7%93%d7%a0%d7%98-%d7%99%d7%aa-%d7%9c%d7%90%d7%92%d7%a3-%d7%aa%d7%a7%d7%a6%d7%99%d7%91-%d7%94%d7%a4%d7%99%d7%aa%d7%95%d7%97-%d7%91%d7%9e%d7%a9%d7%a8%d7%93-%d7%94%d7%97%d7%99%d7%a0/,,onsite,junior,huji,
טכנאי/ת רדיו במשרה חלקית לתאגיד השידור הישראלי,LOGO 10,ירושלים,2026-04-29,https://hujicareer.co.il/jobs/%d7%98%d7%9b%d7%a0%d7%90%d7%99-%d7%aa-%d7%a8%d7%93%d7%99%d7%95-%d7%91%d7%9e%d7%a9%d7%a8%d7%94-%d7%97%d7%9c%d7%a7%d7%99%d7%aa-%d7%9c%d7%aa%d7%90%d7%92%d7%99%d7%93-%d7%94%d7%a9%d7%99%d7%93%d7%95%d7%a8/,,onsite,junior,huji,part_time
משפטן/ית למחלקת מימון פרויקטים,unnamed,תל אביב,2026-04-29,https://hujicareer.co.il/jobs/%d7%9e%d7%a9%d7%a4%d7%98%d7%9f-%d7%99%d7%aa-%d7%9c%d7%9e%d7%97%d7%9c%d7%a7%d7%aa-%d7%9e%d7%99%d7%9e%d7%95%d7%9f-%d7%a4%d7%a8%d7%95%d7%99%d7%a7%d7%98%d7%99%d7%9d/,,onsite,junior,huji,
עוזר/ת למפעיל ציוד הוראה ומולטימדיה בפקולטה לרפואה,HUJI Career,ירושלים,2026-04-29,https://hujicareer.co.il/jobs/%d7%a2%d7%95%d7%96%d7%a8-%d7%aa-%d7%9c%d7%9e%d7%a4%d7%a2%d7%99%d7%9c-%d7%a6%d7%99%d7%95%d7%93-%d7%94%d7%95%d7%a8%d7%90%d7%94-%d7%95%d7%9e%d7%95%d7%9c%d7%98%d7%99%d7%9e%d7%93%d7%99%d7%94-%d7%91%d7%a4/,,onsite,junior,huji,
עורך/ת משנה לחדשות כאן 11,LOGO 10,ירושלים,2026-04-29,https://hujicareer.co.il/jobs/%d7%a2%d7%95%d7%a8%d7%9a-%d7%aa-%d7%9e%d7%a9%d7%a0%d7%94-%d7%9c%d7%97%d7%93%d7%a9%d7%95%d7%aa-%d7%9b%d7%90%d7%9f-11/,,onsite,junior,huji,
דרושים עובדים סוציאליים למשרד הביטחון,לוגו משרד הביטחון,,2026-04-29,https://hujicareer.co.il/jobs/%d7%93%d7%a8%d7%95%d7%a9%d7%99%d7%9d-%d7%a2%d7%95%d7%91%d7%93%d7%99%d7%9d-%d7%a1%d7%95%d7%a6%d7%99%d7%90%d7%9c%d7%99%d7%99%d7%9d-%d7%9c%d7%9e%d7%a9%d7%a8%d7%93-%d7%94%d7%91%d7%99%d7%98%d7%97%d7%95/,,onsite,junior,huji,
למעבדות בריאות הציבור דרוש/ה סטודנט/ית למדעי החיים/ביולוגיה/ביוטכנולוגיה,HUJI Career,ירושלים,2026-04-27,https://hujicareer.co.il/jobs/%d7%9c%d7%9e%d7%a2%d7%91%d7%93%d7%95%d7%aa-%d7%91%d7%a8%d7%99%d7%90%d7%95%d7%aa-%d7%94%d7%a6%d7%99%d7%91%d7%95%d7%a8-%d7%93%d7%a8%d7%95%d7%a9-%d7%94-%d7%a1%d7%98%d7%95%d7%93%d7%a0%d7%98-%d7%99%d7%aa/,,onsite,junior,huji,
מנהלן/ית הוראה ותלמידים - הפקולטה למשפטים,HUJI Career,ירושלים,2026-04-27,https://hujicareer.co.il/jobs/%d7%9e%d7%a0%d7%94%d7%9c%d7%9f-%d7%99%d7%aa-%d7%94%d7%95%d7%a8%d7%90%d7%94-%d7%95%d7%aa%d7%9c%d7%9e%d7%99%d7%93%d7%99%d7%9d-%d7%94%d7%a4%d7%a7%d7%95%d7%9c%d7%98%d7%94-%d7%9c%d7%9e%d7%a9%d7%a4%d7%98-3/,,onsite,junior,huji,
"מנהלן/ית הוראה ותלמידים-ביה""ס לתלמידים מחו""ל ע""ש רוטברג",HUJI Career,ירושלים,2026-04-27,https://hujicareer.co.il/jobs/%d7%9e%d7%a0%d7%94%d7%9c%d7%9f-%d7%99%d7%aa-%d7%94%d7%95%d7%a8%d7%90%d7%94-%d7%95%d7%aa%d7%9c%d7%9e%d7%99%d7%93%d7%99%d7%9d-%d7%91%d7%99%d7%94%d7%a1-%d7%9c%d7%aa%d7%9c%d7%9e%d7%99%d7%93%d7%99%d7%9d/,,onsite,junior,huji,
רכז/ת היחידה ללימודי שפות - הפקולטה למדעי הרוח,HUJI Career,ירושלים,2026-04-27,https://hujicareer.co.il/jobs/%d7%a8%d7%9b%d7%96-%d7%aa-%d7%94%d7%99%d7%97%d7%99%d7%93%d7%94-%d7%9c%d7%9c%d7%99%d7%9e%d7%95%d7%93%d7%99-%d7%a9%d7%a4%d7%95%d7%aa-%d7%94%d7%a4%d7%a7%d7%95%d7%9c%d7%98%d7%94-%d7%9c%d7%9e%d7%93%d7%a2-2/,,onsite,junior,huji,
"סטודנט/ית הדרכה (הון אנושי) במשרד החדשנות, המדע והטכנולוגיה ומשרד התרבות והספורט",HUJI Career,ירושלים,2026-04-27,https://hujicareer.co.il/jobs/%d7%a1%d7%98%d7%95%d7%93%d7%a0%d7%98-%d7%99%d7%aa-%d7%94%d7%93%d7%a8%d7%9b%d7%94-%d7%94%d7%95%d7%9f-%d7%90%d7%a0%d7%95%d7%a9%d7%99-%d7%91%d7%9e%d7%a9%d7%a8%d7%93-%d7%94%d7%97%d7%93%d7%a9%d7%a0%d7%95/,,onsite,junior,huji,
מדריכ/ה טכנולוגי/ת למסלול JAVA – אזור בית שמש,budi_logo,,2026-04-27,https://hujicareer.co.il/jobs/%d7%9e%d7%93%d7%a8%d7%99%d7%9b-%d7%94-%d7%98%d7%9b%d7%a0%d7%95%d7%9c%d7%95%d7%92%d7%99-%d7%aa-%d7%9c%d7%9e%d7%a1%d7%9c%d7%95%d7%9c-java-%d7%90%d7%96%d7%95%d7%a8-%d7%91%d7%99%d7%aa-%d7%a9/,,onsite,junior,huji,
"דרוש/ה סטודנט/ית מינהל תרבות במשרד התרבות והספורט, ירושלים",HUJI Career,ירושלים,2026-04-27,https://hujicareer.co.il/jobs/%d7%93%d7%a8%d7%95%d7%a9-%d7%94-%d7%a1%d7%98%d7%95%d7%93%d7%a0%d7%98-%d7%99%d7%aa-%d7%9e%d7%99%d7%a0%d7%94%d7%9c-%d7%aa%d7%a8%d7%91%d7%95%d7%aa-%d7%91%d7%9e%d7%a9%d7%a8%d7%93-%d7%94%d7%aa%d7%a8%d7%91/,,onsite,junior,huji,
דרושים למוקדי השירות של משרד הביטחון,לוגו משרד הביטחון,תל אביב,2026-04-27,https://hujicareer.co.il/jobs/%d7%93%d7%a8%d7%95%d7%a9%d7%99%d7%9d-%d7%9c%d7%9e%d7%95%d7%a7%d7%93%d7%99-%d7%94%d7%a9%d7%99%d7%a8%d7%95%d7%aa-%d7%a9%d7%9c-%d7%9e%d7%a9%d7%a8%d7%93-%d7%94%d7%91%d7%99%d7%98%d7%97%d7%95%d7%9f/,,onsite,junior,huji,
סטודנט/ית למוקד מודיעיני באזור ירושלים,1200px-ShabakLogoText.svg,ירושלים,2026-04-27,https://hujicareer.co.il/jobs/%d7%a1%d7%98%d7%95%d7%93%d7%a0%d7%98-%d7%99%d7%aa-%d7%9c%d7%9e%d7%95%d7%a7%d7%93-%d7%9e%d7%95%d7%93%d7%99%d7%a2%d7%99%d7%a0%d7%99-%d7%91%d7%90%d7%96%d7%95%d7%a8-%d7%99%d7%a8%d7%95%d7%a9%d7%9c%d7%99/,,onsite,junior,huji,
מוביל שיפור ביצועים והטמעה בחברת אגד,Logoegged.svg,,2026-04-27,https://hujicareer.co.il/jobs/%d7%9e%d7%95%d7%91%d7%99%d7%9c-%d7%a9%d7%99%d7%a4%d7%95%d7%a8-%d7%91%d7%99%d7%a6%d7%95%d7%a2%d7%99%d7%9d-%d7%95%d7%94%d7%98%d7%9e%d7%a2%d7%94-%d7%91%d7%97%d7%91%d7%a8%d7%aa-%d7%90%d7%92%d7%93/,,onsite,junior,huji,
עובד/ת מעבדה בכיר/ה למעבדה הרב תחומית ובנק הדם,channels4_profile (1),ראשון לציון,2026-04-27,https://hujicareer.co.il/jobs/%d7%a2%d7%95%d7%91%d7%93-%d7%aa-%d7%9e%d7%a2%d7%91%d7%93%d7%94-%d7%91%d7%9b%d7%99%d7%a8-%d7%94-%d7%9c%d7%9e%d7%a2%d7%91%d7%93%d7%94-%d7%94%d7%a8%d7%91-%d7%aa%d7%97%d7%95%d7%9e%d7%99%d7%aa-%d7%95%d7%91/,,onsite,junior,huji,
דרוש/ה עובד/ת מעבדה לבנק הדם - אסותא,channels4_profile (1),,2026-04-27,https://hujicareer.co.il/jobs/%d7%93%d7%a8%d7%95%d7%a9-%d7%94-%d7%a2%d7%95%d7%91%d7%93-%d7%aa-%d7%9e%d7%a2%d7%91%d7%93%d7%94-%d7%9c%d7%91%d7%a0%d7%a7-%d7%94%d7%93%d7%9d-%d7%90%d7%a1%d7%95%d7%aa%d7%90/,,onsite,junior,huji,
"לקק""ל בירושלים דרוש/ה עובד/ת ארכיון - סטודנט/ית",unnamed (1),ירושלים,2026-04-27,https://hujicareer.co.il/jobs/%d7%9c%d7%a7%d7%a7%d7%9c-%d7%91%d7%99%d7%a8%d7%95%d7%a9%d7%9c%d7%99%d7%9d-%d7%93%d7%a8%d7%95%d7%a9-%d7%94-%d7%a2%d7%95%d7%91%d7%93-%d7%aa-%d7%90%d7%a8%d7%9b%d7%99%d7%95%d7%9f-%d7%a1%d7%98%d7%95/,,onsite,junior,huji,
עוזר/ת לראשת המדור להכשרה מקצועית ומעורבות חברתית,HUJI Career,ירושלים,2026-04-27,https://hujicareer.co.il/jobs/%d7%a2%d7%95%d7%96%d7%a8-%d7%aa-%d7%9c%d7%a8%d7%90%d7%a9%d7%aa-%d7%94%d7%9e%d7%93%d7%95%d7%a8-%d7%9c%d7%94%d7%9b%d7%a9%d7%a8%d7%94-%d7%9e%d7%a7%d7%a6%d7%95%d7%a2%d7%99%d7%aa-%d7%95%d7%9e%d7%a2%d7%95/,,onsite,junior,huji,
מינהלן/ית הוראה ותלמידים - מכון איינשטיין למתמטיקה,HUJI Career,ירושלים,2026-04-27,https://hujicareer.co.il/jobs/%d7%9e%d7%99%d7%a0%d7%94%d7%9c%d7%9f-%d7%99%d7%aa-%d7%94%d7%95%d7%a8%d7%90%d7%94-%d7%95%d7%aa%d7%9c%d7%9e%d7%99%d7%93%d7%99%d7%9d-%d7%9e%d7%9b%d7%95%d7%9f-%d7%90%d7%99%d7%99%d7%a0%d7%a9%d7%98%d7%99/,,onsite,junior,huji,
מנהל/ת היחידה לתשתיות מחקר - הרשות למחקר ופיתוח,HUJI Career,ירושלים,2026-04-27,https://hujicareer.co.il/jobs/%d7%9e%d7%a0%d7%94%d7%9c-%d7%aa-%d7%94%d7%99%d7%97%d7%99%d7%93%d7%94-%d7%9c%d7%aa%d7%a9%d7%aa%d7%99%d7%95%d7%aa-%d7%9e%d7%97%d7%a7%d7%a8-%d7%94%d7%a8%d7%a9%d7%95%d7%aa-%d7%9c%d7%9e%d7%97%d7%a7%d7%a8/,,onsite,junior,huji,
ממונה מדידות זמן ותדר במעבדה הלאומית לפיסיקה,download (8),ירושלים,2026-04-27,https://hujicareer.co.il/jobs/%d7%9e%d7%9e%d7%95%d7%a0%d7%94-%d7%9e%d7%93%d7%99%d7%93%d7%95%d7%aa-%d7%96%d7%9e%d7%9f-%d7%95%d7%aa%d7%93%d7%a8-%d7%91%d7%9e%d7%a2%d7%91%d7%93%d7%94-%d7%94%d7%9c%d7%90%d7%95%d7%9e%d7%99%d7%aa-%d7%9c/,,onsite,junior,huji,
מפיק/ה תוכניות מתחיל/ה לחטיבת החדשות - כאן 11,LOGO 10,ירושלים,2026-04-27,https://hujicareer.co.il/jobs/%d7%9e%d7%a4%d7%99%d7%a7-%d7%94-%d7%aa%d7%95%d7%9b%d7%a0%d7%99%d7%95%d7%aa-%d7%9e%d7%aa%d7%97%d7%99%d7%9c-%d7%94-%d7%9c%d7%97%d7%98%d7%99%d7%91%d7%aa-%d7%94%d7%97%d7%93%d7%a9%d7%95%d7%aa-%d7%9b/,,onsite,junior,huji,
משרות סטודנט/ית חדשות במשרד הבריאות,HUJI Career,ירושלים,2026-04-27,https://hujicareer.co.il/jobs/%d7%9e%d7%a9%d7%a8%d7%95%d7%aa-%d7%a1%d7%98%d7%95%d7%93%d7%a0%d7%98-%d7%99%d7%aa-%d7%97%d7%93%d7%a9%d7%95%d7%aa-%d7%91%d7%9e%d7%a9%d7%a8%d7%93-%d7%94%d7%91%d7%a8%d7%99%d7%90%d7%95%d7%aa/,,onsite,junior,huji,
למרכז הרפואי שמיר דרוש/ה עובד/ת אספקה סטרילית,111111,,2026-04-27,https://hujicareer.co.il/jobs/%d7%9c%d7%9e%d7%a8%d7%9b%d7%96-%d7%94%d7%a8%d7%a4%d7%95%d7%90%d7%99-%d7%a9%d7%9e%d7%99%d7%a8-%d7%93%d7%a8%d7%95%d7%a9-%d7%94-%d7%a2%d7%95%d7%91%d7%93-%d7%aa-%d7%90%d7%a1%d7%a4%d7%a7%d7%94-%d7%a1%d7%98/,,onsite,junior,huji,
סטודנט/ית לאגף רכש נכסים ולוגיסטיקה במשרד הפנים בירושלים,משרד הפנים לוגו,ירושלים,2026-04-27,https://hujicareer.co.il/jobs/%d7%a1%d7%98%d7%95%d7%93%d7%a0%d7%98-%d7%99%d7%aa-%d7%9c%d7%90%d7%92%d7%a3-%d7%a8%d7%9b%d7%a9-%d7%a0%d7%9b%d7%a1%d7%99%d7%9d-%d7%95%d7%9c%d7%95%d7%92%d7%99%d7%a1%d7%98%d7%99%d7%a7%d7%94-%d7%91%d7%9e/,,onsite,junior,huji,
משרות בתחום הנדסה כימית בחברת אדמה אגן,ADAMA,,2026-04-27,https://hujicareer.co.il/jobs/%d7%9e%d7%a9%d7%a8%d7%95%d7%aa-%d7%91%d7%aa%d7%97%d7%95%d7%9d-%d7%94%d7%a0%d7%93%d7%a1%d7%94-%d7%9b%d7%99%d7%9e%d7%99%d7%aa-%d7%91%d7%97%d7%91%d7%a8%d7%aa-%d7%90%d7%93%d7%9e%d7%94-%d7%90%d7%92%d7%9f/,,onsite,junior,huji,
מבקר/ת חשבונאי/ת – רשות ניירות ערך | תל אביב,Logo_israel_securities_authority,תל אביב,2026-04-27,https://hujicareer.co.il/jobs/%d7%9e%d7%91%d7%a7%d7%a8-%d7%aa-%d7%97%d7%a9%d7%91%d7%95%d7%a0%d7%90%d7%99-%d7%aa-%d7%a8%d7%a9%d7%95%d7%aa-%d7%a0%d7%99%d7%99%d7%a8%d7%95%d7%aa-%d7%a2%d7%a8%d7%9a-%d7%aa%d7%9c-%d7%90%d7%91/,,onsite,junior,huji,
דרושים/ות עוזרי/ות מחקר למעבדה לחשיבה יצירתית,HUJI Career,ירושלים,2026-04-27,https://hujicareer.co.il/jobs/%d7%93%d7%a8%d7%95%d7%a9%d7%99%d7%9d-%d7%95%d7%aa-%d7%a2%d7%95%d7%96%d7%a8%d7%99-%d7%95%d7%aa-%d7%9e%d7%97%d7%a7%d7%a8-%d7%9c%d7%9e%d7%a2%d7%91%d7%93%d7%94-%d7%9c%d7%97%d7%a9%d7%99%d7%91%d7%94-%d7%99/,,onsite,junior,huji,
Quality Engineer,images (1),ירושלים,2026-04-27,https://hujicareer.co.il/jobs/quality-engineer/,,onsite,junior,huji,
Project Manager - מנהל/ת פרוייקטים,images (1),ירושלים,2026-04-27,https://hujicareer.co.il/jobs/project-manager-%d7%9e%d7%a0%d7%94%d7%9c-%d7%aa-%d7%a4%d7%a8%d7%95%d7%99%d7%99%d7%a7%d7%98%d7%99%d7%9d/,,onsite,junior,huji,
Optical Designer,images (1),ירושלים,2026-04-27,https://hujicareer.co.il/jobs/optical-designer/,,onsite,junior,huji,
Optics Assembler / מרכיב/ה אופטומכני/ת,images (1),ירושלים,2026-04-27,https://hujicareer.co.il/jobs/optics-assembler-%d7%9e%d7%a8%d7%9b%d7%99%d7%91-%d7%94-%d7%90%d7%95%d7%a4%d7%98%d7%95%d7%9e%d7%9b%d7%a0%d7%99-%d7%aa/,,onsite,junior,huji,
מבקר/ת איכות / Quality Inspector,images (1),ירושלים,2026-04-27,https://hujicareer.co.il/jobs/%d7%9e%d7%91%d7%a7%d7%a8-%d7%aa-%d7%90%d7%99%d7%9b%d7%95%d7%aa-quality-inspector-2/,,onsite,junior,huji,
Production Planner Student,images (1),ירושלים,2026-04-27,https://hujicareer.co.il/jobs/production-planner-student-2/,,onsite,junior,huji,
Thin film Coating Engineer / מהנדס.ת תהליך ציפויים,images (1),ירושלים,2026-04-27,https://hujicareer.co.il/jobs/thin-film-coating-engineer-%d7%9e%d7%94%d7%a0%d7%93%d7%a1-%d7%aa-%d7%aa%d7%94%d7%9c%d7%99%d7%9a-%d7%a6%d7%99%d7%a4%d7%95%d7%99%d7%99%d7%9d-2/,,onsite,junior,huji,
טכנאי/ת ייצור CNC,images (1),ירושלים,2026-04-27,https://hujicareer.co.il/jobs/%d7%98%d7%9b%d7%a0%d7%90%d7%99-%d7%aa-%d7%99%d7%99%d7%a6%d7%95%d7%a8-cnc/,,onsite,junior,huji,
IT Desktop Technician,images (1),ירושלים,2026-04-27,https://hujicareer.co.il/jobs/it-desktop-technician-2/,,onsite,junior,huji,
רכז/ת אחזקה ותפעול - הפקולטה לרפואת שיניים,HUJI Career,ירושלים,2026-04-27,https://hujicareer.co.il/jobs/%d7%a8%d7%9b%d7%96-%d7%aa-%d7%90%d7%97%d7%96%d7%a7%d7%94-%d7%95%d7%aa%d7%a4%d7%a2%d7%95%d7%9c-%d7%94%d7%a4%d7%a7%d7%95%d7%9c%d7%98%d7%94-%d7%9c%d7%a8%d7%a4%d7%95%d7%90%d7%aa-%d7%a9%d7%99%d7%a0%d7%99/,,onsite,junior,huji,
ראש/ת צוות דיווח ובקרה - הרשות למחקר ופיתוח,HUJI Career,ירושלים,2026-04-27,https://hujicareer.co.il/jobs/%d7%a8%d7%90%d7%a9-%d7%aa-%d7%a6%d7%95%d7%95%d7%aa-%d7%93%d7%99%d7%95%d7%95%d7%97-%d7%95%d7%91%d7%a7%d7%a8%d7%94-%d7%94%d7%a8%d7%a9%d7%95%d7%aa-%d7%9c%d7%9e%d7%97%d7%a7%d7%a8-%d7%95%d7%a4%d7%99-3/,,onsite,junior,huji,
לאקווריום ישראל דרושים מדריכים,HUJI Career,ירושלים,2026-04-23,https://hujicareer.co.il/jobs/%d7%9c%d7%90%d7%a7%d7%95%d7%95%d7%a8%d7%99%d7%95%d7%9d-%d7%99%d7%a9%d7%a8%d7%90%d7%9c-%d7%93%d7%a8%d7%95%d7%a9%d7%99%d7%9d-%d7%9e%d7%93%d7%a8%d7%99%d7%9b%d7%99%d7%9d/,,onsite,junior,huji,
"דרוש/ה סטודנט/ית (ספורט נשים וספורט עממי) למינהל הספורט, ירושלים",HUJI Career,ירושלים,2026-04-23,https://hujicareer.co.il/jobs/%d7%93%d7%a8%d7%95%d7%a9-%d7%94-%d7%a1%d7%98%d7%95%d7%93%d7%a0%d7%98-%d7%99%d7%aa-%d7%a1%d7%a4%d7%95%d7%a8%d7%98-%d7%a0%d7%a9%d7%99%d7%9d-%d7%95%d7%a1%d7%a4%d7%95%d7%a8%d7%98-%d7%a2%d7%9e%d7%9e%d7%99/,,onsite,junior,huji,
דרוש/ה עובד/ת סוציאלי/ת לאגף שיקום נכים במשרד הביטחון מחוז ירושלים,לוגו משרד הביטחון,ירושלים,2026-04-23,https://hujicareer.co.il/jobs/%d7%93%d7%a8%d7%95%d7%a9-%d7%94-%d7%a2%d7%95%d7%91%d7%93-%d7%aa-%d7%a1%d7%95%d7%a6%d7%99%d7%90%d7%9c%d7%99-%d7%aa-%d7%9c%d7%90%d7%92%d7%a3-%d7%a9%d7%99%d7%a7%d7%95%d7%9d-%d7%a0%d7%9b%d7%99%d7%9d/,,onsite,junior,huji,
משרת סטודנט/ית מחלקת השקעות ברשות לניירות ערך,Logo_israel_securities_authority,תל אביב,2026-04-23,https://hujicareer.co.il/jobs/%d7%9e%d7%a9%d7%a8%d7%aa-%d7%a1%d7%98%d7%95%d7%93%d7%a0%d7%98-%d7%99%d7%aa-%d7%9e%d7%97%d7%9c%d7%a7%d7%aa-%d7%94%d7%a9%d7%a7%d7%a2%d7%95%d7%aa-%d7%91%d7%a8%d7%a9%d7%95%d7%aa-%d7%9c%d7%a0%d7%99%d7%99/,,onsite,junior,huji,
Program and Operations Associate – Task Force on Arab Citizens of Israel,HUJI Career,מהבית,2026-04-23,https://hujicareer.co.il/jobs/program-and-operations-associate-task-force-on-arab-citizens-of-israel/,,remote,junior,huji,
עוזר/ת למנהל/ת רשות - .B. Sc./M. Sc במדעי הטבע,c3,ירושלים,2026-04-23,https://hujicareer.co.il/jobs/%d7%a2%d7%95%d7%96%d7%a8-%d7%aa-%d7%9c%d7%9e%d7%a0%d7%94%d7%9c-%d7%aa-%d7%a8%d7%a9%d7%95%d7%aa-b-sc-m-sc-%d7%91%d7%9e%d7%93%d7%a2%d7%99-%d7%94%d7%98%d7%91%d7%a2/,,onsite,junior,huji,
"מנהל/ת תחום חינוך ברשות לבטיחות בדרכים - משרה זמנית החלפה בחל""ד",download,ירושלים,2026-04-23,https://hujicareer.co.il/jobs/%d7%9e%d7%a0%d7%94%d7%9c-%d7%aa-%d7%aa%d7%97%d7%95%d7%9d-%d7%97%d7%99%d7%a0%d7%95%d7%9a-%d7%91%d7%a8%d7%a9%d7%95%d7%aa-%d7%9c%d7%91%d7%98%d7%99%d7%97%d7%95%d7%aa-%d7%91%d7%93%d7%a8%d7%9b%d7%99%d7%9d/,,onsite,junior,huji,maternity_cover
"מנהל/ת תחום משאבי אנוש ברשות לבטיחות בדרכים - משרה זמנית החלפה בחל""ד",הרשות_הלאומית_לבטיחות_בדרכים,ירושלים,2026-04-23,https://hujicareer.co.il/jobs/%d7%9e%d7%a0%d7%94%d7%9c-%d7%aa-%d7%aa%d7%97%d7%95%d7%9d-%d7%9e%d7%a9%d7%90%d7%91%d7%99-%d7%90%d7%a0%d7%95%d7%a9-%d7%91%d7%a8%d7%a9%d7%95%d7%aa-%d7%9c%d7%91%d7%98%d7%99%d7%97%d7%95%d7%aa-%d7%91%d7%93/,,onsite,junior,huji,maternity_cover
רכז/ת אדמיניסטרטיבי/ת - האוניברסיטה העברית לנוער,HUJI Career,ירושלים,2026-04-23,https://hujicareer.co.il/jobs/%d7%a8%d7%9b%d7%96-%d7%aa-%d7%90%d7%93%d7%9e%d7%99%d7%a0%d7%99%d7%a1%d7%98%d7%a8%d7%98%d7%99%d7%91%d7%99-%d7%aa-%d7%94%d7%90%d7%95%d7%a0%d7%99%d7%91%d7%a8%d7%a1%d7%99%d7%98%d7%94-%d7%94%d7%a2%d7%91-2/,,onsite,junior,huji,
עובד/ת מעבדה - המחלקה לאימונולוגיה,HUJI Career,ירושלים,2026-04-23,https://hujicareer.co.il/jobs/%d7%a2%d7%95%d7%91%d7%93-%d7%aa-%d7%9e%d7%a2%d7%91%d7%93%d7%94-%d7%94%d7%9e%d7%97%d7%9c%d7%a7%d7%94-%d7%9c%d7%90%d7%99%d7%9e%d7%95%d7%a0%d7%95%d7%9c%d7%95%d7%92%d7%99%d7%94/,,onsite,junior,huji,
יועץ/ת בכיר/ה - המכינה האוניברסיטאית,HUJI Career,ירושלים,2026-04-23,https://hujicareer.co.il/jobs/%d7%99%d7%95%d7%a2%d7%a5-%d7%aa-%d7%91%d7%9b%d7%99%d7%a8-%d7%94-%d7%94%d7%9e%d7%9b%d7%99%d7%a0%d7%94-%d7%94%d7%90%d7%95%d7%a0%d7%99%d7%91%d7%a8%d7%a1%d7%99%d7%98%d7%90%d7%99%d7%aa/,,onsite,junior,huji,
מרכז/ת בכיר/ה לאגף המדיניות ברשות להתחדשות עירונית,הרשות-להתחדשות,ירושלים,2026-04-23,https://hujicareer.co.il/jobs/%d7%9e%d7%a8%d7%9b%d7%96-%d7%aa-%d7%91%d7%9b%d7%99%d7%a8-%d7%94-%d7%9c%d7%90%d7%92%d7%a3-%d7%94%d7%9e%d7%93%d7%99%d7%a0%d7%99%d7%95%d7%aa-%d7%91%d7%a8%d7%a9%d7%95%d7%aa-%d7%9c%d7%94%d7%aa%d7%97%d7%93/,,onsite,junior,huji,
סט-אפיסט/ית ומתכנת/ת CNC - מכון רקח לפיסיקה,HUJI Career,ירושלים,2026-04-23,https://hujicareer.co.il/jobs/%d7%a1%d7%98-%d7%90%d7%a4%d7%99%d7%a1%d7%98-%d7%99%d7%aa-%d7%95%d7%9e%d7%aa%d7%9b%d7%a0%d7%aa-%d7%aa-cnc-%d7%9e%d7%9b%d7%95%d7%9f-%d7%a8%d7%a7%d7%97-%d7%9c%d7%a4%d7%99%d7%a1%d7%99%d7%a7%d7%94/,,onsite,junior,huji,
עוזר/ת לענייני הוראה - בית הספר לריפוי בעיסוק,HUJI Career,ירושלים,2026-04-23,https://hujicareer.co.il/jobs/%d7%a2%d7%95%d7%96%d7%a8-%d7%aa-%d7%9c%d7%a2%d7%a0%d7%99%d7%99%d7%a0%d7%99-%d7%94%d7%95%d7%a8%d7%90%d7%94-%d7%91%d7%99%d7%aa-%d7%94%d7%a1%d7%a4%d7%a8-%d7%9c%d7%a8%d7%99%d7%a4%d7%95%d7%99-%d7%91/,,onsite,junior,huji,
אחים ואחיות לשירותי בריאות התלמיד ירושלים והסביבה,c3,ירושלים,2026-04-23,https://hujicareer.co.il/jobs/%d7%90%d7%97%d7%99%d7%9d-%d7%95%d7%90%d7%97%d7%99%d7%95%d7%aa-%d7%9c%d7%a9%d7%99%d7%a8%d7%95%d7%aa%d7%99-%d7%91%d7%a8%d7%99%d7%90%d7%95%d7%aa-%d7%94%d7%aa%d7%9c%d7%9e%d7%99%d7%93-%d7%99%d7%a8%d7%95/,,onsite,junior,huji,
Student Marketing Representative - HUJI International Info Center,HUJI Career,ירושלים,2026-04-23,https://hujicareer.co.il/jobs/student-marketing-representative-huji-international-info-center/,,onsite,junior,huji,internship
דרוש.ה עוזר.ת לרכז היחידה לשירותי הוראה - מדעי החברה,HUJI Career,ירושלים,2026-04-19,https://hujicareer.co.il/jobs/%d7%93%d7%a8%d7%95%d7%a9-%d7%94-%d7%a2%d7%95%d7%96%d7%a8-%d7%aa-%d7%9c%d7%a8%d7%9b%d7%96-%d7%94%d7%99%d7%97%d7%99%d7%93%d7%94-%d7%9c%d7%a9%d7%99%d7%a8%d7%95%d7%aa%d7%99-%d7%94%d7%95%d7%a8%d7%90%d7%94/,,onsite,junior,huji,
משרת סטודנט/ית במשרד הביטחון,לוגו משרד הביטחון,פתח תקווה,2026-04-19,https://hujicareer.co.il/jobs/%d7%9e%d7%a9%d7%a8%d7%aa-%d7%a1%d7%98%d7%95%d7%93%d7%a0%d7%98-%d7%99%d7%aa-%d7%91%d7%9e%d7%a9%d7%a8%d7%93-%d7%94%d7%91%d7%99%d7%98%d7%97%d7%95%d7%9f/,,onsite,junior,huji,
משרת מתמחה - ייעוץ למדיניות ציבורית ותקשורת,images (5),תל אביב,2026-04-19,https://hujicareer.co.il/jobs/%d7%9e%d7%a9%d7%a8%d7%aa-%d7%9e%d7%aa%d7%9e%d7%97%d7%94-%d7%99%d7%99%d7%a2%d7%95%d7%a5-%d7%9c%d7%9e%d7%93%d7%99%d7%a0%d7%99%d7%95%d7%aa-%d7%a6%d7%99%d7%91%d7%95%d7%a8%d7%99%d7%aa-%d7%95%d7%aa%d7%a7/,,onsite,junior,huji,internship
משרות פתוחות בלוריאל ישראל,לוגו לוריאל,נתניה,2026-04-19,https://hujicareer.co.il/jobs/%d7%9e%d7%a9%d7%a8%d7%95%d7%aa-%d7%a4%d7%aa%d7%95%d7%97%d7%95%d7%aa-%d7%91%d7%9c%d7%95%d7%a8%d7%99%d7%90%d7%9c-%d7%99%d7%a9%d7%a8%d7%90%d7%9c/,,onsite,junior,huji,
עובד/ת מעבדה - מכון רקח לפיסיקה,HUJI Career,ירושלים,2026-04-19,https://hujicareer.co.il/jobs/%d7%a2%d7%95%d7%91%d7%93-%d7%aa-%d7%9e%d7%a2%d7%91%d7%93%d7%94-%d7%9e%d7%9b%d7%95%d7%9f-%d7%a8%d7%a7%d7%97-%d7%9c%d7%a4%d7%99%d7%a1%d7%99%d7%a7%d7%94/,,onsite,junior,huji,
עוזר/ת לענייני הוראה בפקולטה למשפטים - המכון לקרימינולוגיה,HUJI Career,ירושלים,2026-04-19,https://hujicareer.co.il/jobs/%d7%a2%d7%95%d7%96%d7%a8-%d7%aa-%d7%9c%d7%a2%d7%a0%d7%99%d7%99%d7%a0%d7%99-%d7%94%d7%95%d7%a8%d7%90%d7%94-%d7%91%d7%a4%d7%a7%d7%95%d7%9c%d7%98%d7%94-%d7%9c%d7%9e%d7%a9%d7%a4%d7%98%d7%99%d7%9d-%d7%94/,,onsite,junior,huji,
דרוש/ה סטודנט/ית לאגף הדוברות במשרד לביטחון לאומי,המשרד_לביטחון_לאומי,ירושלים,2026-04-19,https://hujicareer.co.il/jobs/%d7%93%d7%a8%d7%95%d7%a9-%d7%94-%d7%a1%d7%98%d7%95%d7%93%d7%a0%d7%98-%d7%99%d7%aa-%d7%9c%d7%90%d7%92%d7%a3-%d7%94%d7%93%d7%95%d7%91%d7%a8%d7%95%d7%aa-%d7%91%d7%9e%d7%a9%d7%a8%d7%93-%d7%9c%d7%91%d7%99/,,onsite,junior,huji,
"משרות סטודנט גמישות במשרד עו""ד",c3,תל אביב,2026-04-19,https://hujicareer.co.il/jobs/%d7%9e%d7%a9%d7%a8%d7%95%d7%aa-%d7%a1%d7%98%d7%95%d7%93%d7%a0%d7%98-%d7%92%d7%9e%d7%99%d7%a9%d7%95%d7%aa-%d7%91%d7%9e%d7%a9%d7%a8%d7%93-%d7%a2%d7%95%d7%93/,,onsite,junior,huji,
ספרן/ית - ספריית משפטים באוניברסיטה העברית,HUJI Career,ירושלים,2026-04-19,https://hujicareer.co.il/jobs/%d7%a1%d7%a4%d7%a8%d7%9f-%d7%99%d7%aa-%d7%a1%d7%a4%d7%a8%d7%99%d7%99%d7%aa-%d7%9e%d7%a9%d7%a4%d7%98%d7%99%d7%9d-%d7%91%d7%90%d7%95%d7%a0%d7%99%d7%91%d7%a8%d7%a1%d7%99%d7%98%d7%94-%d7%94%d7%a2%d7%91/,,onsite,junior,huji,
"דרוש/ה רפרנט/ית פיקוח, נתונים ומידע ברשות ניירות ערך",Logo_israel_securities_authority,תל אביב,2026-04-19,https://hujicareer.co.il/jobs/%d7%93%d7%a8%d7%95%d7%a9-%d7%94-%d7%a8%d7%a4%d7%a8%d7%a0%d7%98-%d7%99%d7%aa-%d7%a4%d7%99%d7%a7%d7%95%d7%97-%d7%a0%d7%aa%d7%95%d7%a0%d7%99%d7%9d-%d7%95%d7%9e%d7%99%d7%93%d7%a2-%d7%91%d7%a8%d7%a9%d7%95/,,onsite,junior,huji,
לארכיון הציוני המרכזי דרוש.ה ארכיונאי.ת למדור תצלומים,__לוגו-מעודכן-2022-ארכיון,ירושלים,2026-04-19,https://hujicareer.co.il/jobs/%d7%9c%d7%90%d7%a8%d7%9b%d7%99%d7%95%d7%9f-%d7%94%d7%a6%d7%99%d7%95%d7%a0%d7%99-%d7%94%d7%9e%d7%a8%d7%9b%d7%96%d7%99-%d7%93%d7%a8%d7%95%d7%a9-%d7%94-%d7%90%d7%a8%d7%9b%d7%99%d7%95%d7%a0%d7%90%d7%99/,,onsite,junior,huji,
דרוש/ה סטודנט/ת לתחום המשפטים לאגף הביטחון במשרד הביטחון,לוגו משרד הביטחון,,2026-04-19,https://hujicareer.co.il/jobs/%d7%93%d7%a8%d7%95%d7%a9-%d7%94-%d7%a1%d7%98%d7%95%d7%93%d7%a0%d7%98-%d7%aa-%d7%9c%d7%aa%d7%97%d7%95%d7%9d-%d7%94%d7%9e%d7%a9%d7%a4%d7%98%d7%99%d7%9d-%d7%9c%d7%90%d7%92%d7%a3-%d7%94%d7%91%d7%99%d7%98/,,onsite,junior,huji,
"דרוש/ה יושב/ת ראש ועדת ערר במחוזות חיפה, תל אביב והצפון",משרד הפנים לוגו,תל אביב,2026-04-19,https://hujicareer.co.il/jobs/%d7%93%d7%a8%d7%95%d7%a9-%d7%94-%d7%99%d7%95%d7%a9%d7%91-%d7%aa-%d7%a8%d7%90%d7%a9-%d7%95%d7%a2%d7%93%d7%aa-%d7%a2%d7%a8%d7%a8-%d7%91%d7%9e%d7%97%d7%95%d7%96%d7%95%d7%aa-%d7%97%d7%99%d7%a4%d7%94/,,onsite,junior,huji,
משרות זמניות באגף שיקום במשרד הביטחון,לוגו משרד הביטחון,רחובות,2026-04-19,https://hujicareer.co.il/jobs/%d7%9e%d7%a9%d7%a8%d7%95%d7%aa-%d7%96%d7%9e%d7%a0%d7%99%d7%95%d7%aa-%d7%91%d7%90%d7%92%d7%a3-%d7%a9%d7%99%d7%a7%d7%95%d7%9d-%d7%91%d7%9e%d7%a9%d7%a8%d7%93-%d7%94%d7%91%d7%99%d7%98%d7%97%d7%95%d7%9f/,,onsite,junior,huji,
דרושים מדריכים לתוכניות נוער שוחר מדע!,HUJI Career,ירושלים,2026-04-19,https://hujicareer.co.il/jobs/%d7%93%d7%a8%d7%95%d7%a9%d7%99%d7%9d-%d7%9e%d7%93%d7%a8%d7%99%d7%9b%d7%99%d7%9d-%d7%9c%d7%aa%d7%95%d7%9b%d7%a0%d7%99%d7%95%d7%aa-%d7%a0%d7%95%d7%a2%d7%a8-%d7%a9%d7%95%d7%97%d7%a8-%d7%9e%d7%93%d7%a2/,,onsite,junior,huji,
מנתח/ת מערכות – יחידת מע' ניירות ערך ותשתיות BO,tasa,תל אביב,2026-04-19,https://hujicareer.co.il/jobs/%d7%9e%d7%a0%d7%aa%d7%97-%d7%aa-%d7%9e%d7%a2%d7%a8%d7%9b%d7%95%d7%aa-%d7%99%d7%97%d7%99%d7%93%d7%aa-%d7%9e%d7%a2-%d7%a0%d7%99%d7%99%d7%a8%d7%95%d7%aa-%d7%a2%d7%a8%d7%9a-%d7%95%d7%aa%d7%a9/,,onsite,junior,huji,
מעצב/ת מושן למשרה זמנית לחטיבת הדיגיטל - כאן 11,LOGO 10,,2026-04-19,https://hujicareer.co.il/jobs/%d7%9e%d7%a2%d7%a6%d7%91-%d7%aa-%d7%9e%d7%95%d7%a9%d7%9f-%d7%9c%d7%9e%d7%a9%d7%a8%d7%94-%d7%96%d7%9e%d7%a0%d7%99%d7%aa-%d7%9c%d7%97%d7%98%d7%99%d7%91%d7%aa-%d7%94%d7%93%d7%99%d7%92%d7%99%d7%98%d7%9c-2/,,onsite,junior,huji,
לחברה מובילה בתחומה מענף הנדל״ן דרוש/ה מנהל/ת פיתוח עסקי,c3,תל אביב,2026-04-19,https://hujicareer.co.il/jobs/%d7%93%d7%a8%d7%95%d7%a9-%d7%9e%d7%a0%d7%94%d7%9c-%d7%aa-%d7%a4%d7%99%d7%aa%d7%95%d7%97-%d7%a2%d7%a1%d7%a7%d7%99-%d7%9c%d7%9e%d7%a9%d7%a8%d7%93-%d7%9e%d7%95%d7%91%d7%99%d7%9c-%d7%9e%d7%aa%d7%97%d7%95/,,onsite,junior,huji,
משרות פנויות במרכז האקדמי הרב תחומי ירושלים,לוגו-המרכז-הרב-תחומי-02,ירושלים,2026-04-19,https://hujicareer.co.il/jobs/%d7%9e%d7%a9%d7%a8%d7%95%d7%aa-%d7%a4%d7%a0%d7%95%d7%99%d7%95%d7%aa-%d7%91%d7%9e%d7%a8%d7%9b%d7%96-%d7%94%d7%90%d7%a7%d7%93%d7%9e%d7%99-%d7%94%d7%a8%d7%91-%d7%aa%d7%97%d7%95%d7%9e%d7%99-%d7%99%d7%a8/,,onsite,junior,huji,
דרושים סטודנטים למחלקת שיווק במרכז האקדמי הרב תחומי,לוגו-המרכז-הרב-תחומי-02,ירושלים,2026-04-19,https://hujicareer.co.il/jobs/%d7%93%d7%a8%d7%95%d7%a9%d7%99%d7%9d-%d7%a1%d7%98%d7%95%d7%93%d7%a0%d7%98%d7%99%d7%9d-%d7%9c%d7%9e%d7%97%d7%9c%d7%a7%d7%aa-%d7%a9%d7%99%d7%95%d7%95%d7%a7-%d7%91%d7%9e%d7%a8%d7%9b%d7%96-%d7%94%d7%90/,,onsite,junior,huji,
דרוש/ה סטודנט/ית לחטיבת משאבי אנוש - כאן 11,LOGO 10,ירושלים,2026-04-19,https://hujicareer.co.il/jobs/%d7%93%d7%a8%d7%95%d7%a9-%d7%94-%d7%a1%d7%98%d7%95%d7%93%d7%a0%d7%98-%d7%99%d7%aa-%d7%9c%d7%97%d7%98%d7%99%d7%91%d7%aa-%d7%9e%d7%a9%d7%90%d7%91%d7%99-%d7%90%d7%a0%d7%95%d7%a9-%d7%9b%d7%90%d7%9f-11/,,onsite,junior,huji,
"למכון הרטמן בירושלים דרוש/ה רו""ח/כלכלן",Screenshot 2026-04-19 114836,ירושלים,2026-04-19,https://hujicareer.co.il/jobs/%d7%9c%d7%9e%d7%9b%d7%95%d7%9f-%d7%94%d7%a8%d7%98%d7%9e%d7%9f-%d7%91%d7%99%d7%a8%d7%95%d7%a9%d7%9c%d7%99%d7%9d-%d7%93%d7%a8%d7%95%d7%a9-%d7%94-%d7%a8%d7%95%d7%97-%d7%9b%d7%9c%d7%9b%d7%9c%d7%9f/,,onsite,junior,huji,
דרוש/ה מדריך/ה דובר אנגלית לקורסי מחשב ואפליקציות בירושלים,c3,ירושלים,2026-04-19,https://hujicareer.co.il/jobs/%d7%93%d7%a8%d7%95%d7%a9-%d7%94-%d7%9e%d7%93%d7%a8%d7%99%d7%9a-%d7%94-%d7%93%d7%95%d7%91%d7%a8-%d7%90%d7%a0%d7%92%d7%9c%d7%99%d7%aa-%d7%9c%d7%a7%d7%95%d7%a8%d7%a1%d7%99-%d7%9e%d7%97%d7%a9%d7%91/,,onsite,junior,huji,
Associate for Investment Team - JVP,Jerusalem_Venture_Partners.svg,ירושלים,2026-04-15,https://hujicareer.co.il/jobs/associate-for-investment-team-jvp/,,onsite,junior,huji,
Investor Relations Associate - JVP,Jerusalem_Venture_Partners.svg,ירושלים,2026-04-15,https://hujicareer.co.il/jobs/investor-relations-associate-jvp/,,onsite,junior,huji,
"אחראי מערכות חשמל ותשתיות לאגף מבצעים, לוגיסטיקה ונכסים במשרד הביטחון",לוגו משרד הביטחון,תל אביב,2026-04-15,https://hujicareer.co.il/jobs/%d7%90%d7%97%d7%a8%d7%90%d7%99-%d7%9e%d7%a2%d7%a8%d7%9b%d7%95%d7%aa-%d7%97%d7%a9%d7%9e%d7%9c-%d7%95%d7%aa%d7%a9%d7%aa%d7%99%d7%95%d7%aa-%d7%9c%d7%90%d7%92%d7%a3-%d7%9e%d7%91%d7%a6%d7%a2%d7%99%d7%9d/,,onsite,junior,huji,
דרוש/ה מדריך/ה לנוער במשרה זמנית - קיבוץ רמת רחל,oval-img8,ירושלים,2026-04-15,https://hujicareer.co.il/jobs/%d7%93%d7%a8%d7%95%d7%a9-%d7%94-%d7%9e%d7%93%d7%a8%d7%99%d7%9a-%d7%94-%d7%9c%d7%a0%d7%95%d7%a2%d7%a8-%d7%91%d7%9e%d7%a9%d7%a8%d7%94-%d7%96%d7%9e%d7%a0%d7%99%d7%aa-%d7%a7%d7%99%d7%91%d7%95%d7%a5/,,onsite,junior,huji,
דרוש סטודנט לאגף בכיר ניהול ההון האנושי במשרד הפנים בירושלים,משרד הפנים לוגו,ירושלים,2026-04-15,https://hujicareer.co.il/jobs/%d7%93%d7%a8%d7%95%d7%a9-%d7%a1%d7%98%d7%95%d7%93%d7%a0%d7%98-%d7%9c%d7%90%d7%92%d7%a3-%d7%91%d7%9b%d7%99%d7%a8-%d7%a0%d7%99%d7%94%d7%95%d7%9c-%d7%94%d7%94%d7%95%d7%9f-%d7%94%d7%90%d7%a0%d7%95%d7%a9-2/,,onsite,junior,huji,
דרוש סטודנט לאגף משכורת בחשבות משרד הפנים בירושלים,משרד הפנים לוגו,ירושלים,2026-04-15,https://hujicareer.co.il/jobs/%d7%93%d7%a8%d7%95%d7%a9-%d7%a1%d7%98%d7%95%d7%93%d7%a0%d7%98-%d7%9c%d7%90%d7%92%d7%a3-%d7%9e%d7%a9%d7%9b%d7%95%d7%a8%d7%aa-%d7%91%d7%97%d7%a9%d7%91%d7%95%d7%aa-%d7%9e%d7%a9%d7%a8%d7%93-%d7%94%d7%a4/,,onsite,junior,huji,
מנהלן/ית הוראה ותלמידים - המכון למדעי כדור הארץ,HUJI Career,ירושלים,2026-04-13,https://hujicareer.co.il/jobs/%d7%9e%d7%a0%d7%94%d7%9c%d7%9f-%d7%99%d7%aa-%d7%94%d7%95%d7%a8%d7%90%d7%94-%d7%95%d7%aa%d7%9c%d7%9e%d7%99%d7%93%d7%99%d7%9d-%d7%94%d7%9e%d7%9b%d7%95%d7%9f-%d7%9c%d7%9e%d7%93%d7%a2%d7%99-%d7%9b%d7%93/,,onsite,junior,huji,
רכז/ת פרויקטים - האוניברסיטה העברית לנוער - מרכז נוער שוחר מדע,HUJI Career,ירושלים,2026-04-13,https://hujicareer.co.il/jobs/%d7%a8%d7%9b%d7%96-%d7%aa-%d7%a4%d7%a8%d7%95%d7%99%d7%a7%d7%98%d7%99%d7%9d-%d7%94%d7%90%d7%95%d7%a0%d7%99%d7%91%d7%a8%d7%a1%d7%99%d7%98%d7%94-%d7%94%d7%a2%d7%91%d7%a8%d7%99%d7%aa-%d7%9c%d7%a0%d7%95/,,onsite,junior,huji,
דובר/ת - אגף שיווק ותקשורת,HUJI Career,ירושלים,2026-04-13,https://hujicareer.co.il/jobs/%d7%93%d7%95%d7%91%d7%a8-%d7%aa-%d7%90%d7%92%d7%a3-%d7%a9%d7%99%d7%95%d7%95%d7%a7-%d7%95%d7%aa%d7%a7%d7%a9%d7%95%d7%a8%d7%aa/,,onsite,junior,huji,
המרכז הרפואי שמיר מגייס סטודנטים/ות לאגף מערכות מידע ומיחשוב,111111,,2026-04-13,https://hujicareer.co.il/jobs/%d7%94%d7%9e%d7%a8%d7%9b%d7%96-%d7%94%d7%a8%d7%a4%d7%95%d7%90%d7%99-%d7%a9%d7%9e%d7%99%d7%a8-%d7%9e%d7%92%d7%99%d7%99%d7%a1-%d7%a1%d7%98%d7%95%d7%93%d7%a0%d7%98%d7%99%d7%9d-%d7%95%d7%aa-%d7%9c%d7%90/,,onsite,junior,huji,
למערך המזון במרכז הרפואי שמיר דרושים/ות עובדי/ות מטבח,111111,,2026-04-13,https://hujicareer.co.il/jobs/%d7%9c%d7%9e%d7%a2%d7%a8%d7%9a-%d7%94%d7%9e%d7%96%d7%95%d7%9f-%d7%91%d7%9e%d7%a8%d7%9b%d7%96-%d7%94%d7%a8%d7%a4%d7%95%d7%90%d7%99-%d7%a9%d7%9e%d7%99%d7%a8-%d7%93%d7%a8%d7%95%d7%a9%d7%99%d7%9d-%d7%95/,,onsite,junior,huji,
מנהלן/ית הוראה ותלמידים - המכינה החרדית האוניברסיטאית,HUJI Career,ירושלים,2026-04-13,https://hujicareer.co.il/jobs/%d7%9e%d7%a0%d7%94%d7%9c%d7%9f-%d7%99%d7%aa-%d7%94%d7%95%d7%a8%d7%90%d7%94-%d7%95%d7%aa%d7%9c%d7%9e%d7%99%d7%93%d7%99%d7%9d-%d7%94%d7%9e%d7%9b%d7%99%d7%a0%d7%94-%d7%94%d7%97%d7%a8%d7%93%d7%99%d7%aa/,,onsite,junior,huji,
דרוש/ה אנליטיקאי/ת .B.Sc. / M.Sc  במדעי הטבע (משרה זמנית),c3,ירושלים,2026-04-13,https://hujicareer.co.il/jobs/%d7%93%d7%a8%d7%95%d7%a9-%d7%94-%d7%90%d7%a0%d7%9c%d7%99%d7%98%d7%99%d7%a7%d7%90%d7%99-%d7%aa-b-sc-m-sc-%d7%91%d7%9e%d7%93%d7%a2%d7%99-%d7%94%d7%98%d7%91%d7%a2-%d7%9e%d7%a9%d7%a8/,,onsite,junior,huji,
Controller for Finance Team - Fluent Trade Technologies,fluent-logo,ירושלים,2026-04-13,https://hujicareer.co.il/jobs/controller-for-finance-team-fluent-trade-technologies/,,onsite,junior,huji,
דרוש/ה אחראי/ת לאיתור והשאלת חומר לארכיון צה”ל במשרד הביטחון,לוגו משרד הביטחון,,2026-04-13,https://hujicareer.co.il/jobs/%d7%93%d7%a8%d7%95%d7%a9-%d7%94-%d7%90%d7%97%d7%a8%d7%90%d7%99-%d7%aa-%d7%9c%d7%90%d7%99%d7%aa%d7%95%d7%a8-%d7%95%d7%94%d7%a9%d7%90%d7%9c%d7%aa-%d7%97%d7%95%d7%9e%d7%a8-%d7%9c%d7%90%d7%a8%d7%9b-2/,,onsite,junior,huji,
דרוש/ה אחראי/ת לשירותי מעבדה לארכיון צה”ל במשרד הביטחון,לוגו משרד הביטחון,,2026-04-13,https://hujicareer.co.il/jobs/%d7%93%d7%a8%d7%95%d7%a9-%d7%94-%d7%90%d7%97%d7%a8%d7%90%d7%99-%d7%aa-%d7%9c%d7%a9%d7%99%d7%a8%d7%95%d7%aa%d7%99-%d7%9e%d7%a2%d7%91%d7%93%d7%94-%d7%9c%d7%90%d7%a8%d7%9b%d7%99%d7%95%d7%9f-%d7%a6-2/,,onsite,junior,huji,
דרוש/ה אחראי/ת לתפעול וגניזה לארכיון צה”ל במשרד הביטחון,לוגו משרד הביטחון,,2026-04-13,https://hujicareer.co.il/jobs/%d7%93%d7%a8%d7%95%d7%a9-%d7%94-%d7%90%d7%97%d7%a8%d7%90%d7%99-%d7%aa-%d7%9c%d7%aa%d7%a4%d7%a2%d7%95%d7%9c-%d7%95%d7%92%d7%a0%d7%99%d7%96%d7%94-%d7%9c%d7%90%d7%a8%d7%9b%d7%99%d7%95%d7%9f-%d7%a6-2/,,onsite,junior,huji,
דרוש/ה ר’ תחום רישום והטמעת מאגרי מידע לארכיון צה”ל במשרד הביטחון,לוגו משרד הביטחון,,2026-04-13,https://hujicareer.co.il/jobs/%d7%93%d7%a8%d7%95%d7%a9-%d7%94-%d7%a8-%d7%aa%d7%97%d7%95%d7%9d-%d7%a8%d7%99%d7%a9%d7%95%d7%9d-%d7%95%d7%94%d7%98%d7%9e%d7%a2%d7%aa-%d7%9e%d7%90%d7%92%d7%a8%d7%99-%d7%9e%d7%99%d7%93%d7%a2-2/,,onsite,junior,huji,
אחראי/ת קשרי לקוחות ופיתוח עסקי (משרה חלקית/סטודנט),logo1,תל אביב,2026-04-13,https://hujicareer.co.il/jobs/%d7%90%d7%97%d7%a8%d7%90%d7%99-%d7%aa-%d7%a7%d7%a9%d7%a8%d7%99-%d7%9c%d7%a7%d7%95%d7%97%d7%95%d7%aa-%d7%95%d7%a4%d7%99%d7%aa%d7%95%d7%97-%d7%a2%d7%a1%d7%a7%d7%99-%d7%9e%d7%a9%d7%a8%d7%94-%d7%97-2/,,onsite,junior,huji,part_time
דרוש/ה סטודנט/ית למשרת דיגיטל באגף דוברות שירות התעסוקה,channels4_profile,ירושלים,2026-04-13,https://hujicareer.co.il/jobs/%d7%93%d7%a8%d7%95%d7%a9-%d7%94-%d7%a1%d7%98%d7%95%d7%93%d7%a0%d7%98-%d7%99%d7%aa-%d7%9c%d7%9e%d7%a9%d7%a8%d7%aa-%d7%93%d7%99%d7%92%d7%99%d7%98%d7%9c-%d7%91%d7%90%d7%92%d7%a3-%d7%93%d7%95%d7%91%d7%a8/,,onsite,junior,huji,
משרות פתוחות במגוון תחומים באסם-נסטלה!,HUJI Career,,2026-04-13,https://hujicareer.co.il/jobs/%d7%9e%d7%a9%d7%a8%d7%95%d7%aa-%d7%a4%d7%aa%d7%95%d7%97%d7%95%d7%aa-%d7%91%d7%9e%d7%92%d7%95%d7%95%d7%9f-%d7%aa%d7%97%d7%95%d7%9e%d7%99%d7%9d-%d7%91%d7%90%d7%a1%d7%9d-%d7%a0%d7%a1%d7%98%d7%9c%d7%94/,,onsite,junior,huji,
Junior Global Share Plans Specialist - Mobileye,HUJI Career,ירושלים,2026-04-13,https://hujicareer.co.il/jobs/junior-global-share-plans-specialist-mobileye/,,onsite,junior,huji,
דרוש/ה רופא/ה להתמחות בתחום כירורגית חזה במרכז רפואי שמיר,111111,,2026-04-13,https://hujicareer.co.il/jobs/%d7%93%d7%a8%d7%95%d7%a9-%d7%94-%d7%a8%d7%95%d7%a4%d7%90-%d7%94-%d7%9c%d7%94%d7%aa%d7%9e%d7%97%d7%95%d7%aa-%d7%91%d7%aa%d7%97%d7%95%d7%9d-%d7%9b%d7%99%d7%a8%d7%95%d7%a8%d7%92%d7%99%d7%aa-%d7%97%d7%96/,,onsite,junior,huji,internship
דרוש/ה רופא/ה להתמחות על למחלקת כירורגית חזה במרכז הרפואי שמיר,111111,,2026-04-13,https://hujicareer.co.il/jobs/%d7%93%d7%a8%d7%95%d7%a9-%d7%94-%d7%a8%d7%95%d7%a4%d7%90-%d7%94-%d7%9c%d7%94%d7%aa%d7%9e%d7%97%d7%95%d7%aa-%d7%a2%d7%9c-%d7%9c%d7%9e%d7%97%d7%9c%d7%a7%d7%aa-%d7%9b%d7%99%d7%a8%d7%95%d7%a8%d7%92%d7%99/,,onsite,junior,huji,internship
דרוש/ה רכז/ת לתוכנית מושבה על מאדים - נוער שוחר מדע האוניברסיטה העברית,HUJI Career,ירושלים,2026-04-13,https://hujicareer.co.il/jobs/%d7%93%d7%a8%d7%95%d7%a9-%d7%94-%d7%a8%d7%9b%d7%96-%d7%aa-%d7%9c%d7%aa%d7%95%d7%9b%d7%a0%d7%99%d7%aa-%d7%9e%d7%95%d7%a9%d7%91%d7%94-%d7%a2%d7%9c-%d7%9e%d7%90%d7%93%d7%99%d7%9d-%d7%a0%d7%95%d7%a2/,,onsite,junior,huji,
מפיק/ה במשרה חלקית לחטיבת הדיגיטל בשפה הערבית - כאן 11,LOGO 10,חיפה,2026-04-13,https://hujicareer.co.il/jobs/%d7%9e%d7%a4%d7%99%d7%a7-%d7%94-%d7%91%d7%9e%d7%a9%d7%a8%d7%94-%d7%97%d7%9c%d7%a7%d7%99%d7%aa-%d7%9c%d7%97%d7%98%d7%99%d7%91%d7%aa-%d7%94%d7%93%d7%99%d7%92%d7%99%d7%98%d7%9c-%d7%91%d7%a9%d7%a4%d7%94-2/,,onsite,junior,huji,part_time
מתאם/ת צוותי צילום שטח לחטיבת החדשות - כאן 11,LOGO 10,ירושלים,2026-04-13,https://hujicareer.co.il/jobs/%d7%9e%d7%aa%d7%90%d7%9d-%d7%aa-%d7%a6%d7%95%d7%95%d7%aa%d7%99-%d7%a6%d7%99%d7%9c%d7%95%d7%9d-%d7%a9%d7%98%d7%97-%d7%9c%d7%97%d7%98%d7%99%d7%91%d7%aa-%d7%94%d7%97%d7%93%d7%a9%d7%95%d7%aa-%d7%9b-2/,,onsite,junior,huji,
משרד הבינוי והשיכון מגייס מוביל.ת גיוס ומיתוג מעסיק,משרד-הבינוי-והשיכון,ירושלים,2026-04-09,https://hujicareer.co.il/jobs/%d7%9e%d7%a9%d7%a8%d7%93-%d7%94%d7%91%d7%99%d7%a0%d7%95%d7%99-%d7%95%d7%94%d7%a9%d7%99%d7%9b%d7%95%d7%9f-%d7%9e%d7%92%d7%99%d7%99%d7%a1-%d7%9e%d7%95%d7%91%d7%99%d7%9c-%d7%aa-%d7%92%d7%99%d7%95%d7%a1/,,onsite,junior,huji,
"לחברה בנייה, יזמות והנדסה דרוש/ה כלכלן/ית",קן-התור,,2026-04-09,https://hujicareer.co.il/jobs/%d7%9c%d7%97%d7%91%d7%a8%d7%94-%d7%91%d7%a0%d7%99%d7%99%d7%94-%d7%99%d7%96%d7%9e%d7%95%d7%aa-%d7%95%d7%94%d7%a0%d7%93%d7%a1%d7%94-%d7%93%d7%a8%d7%95%d7%a9-%d7%94-%d7%9b%d7%9c%d7%9b%d7%9c%d7%9f-%d7%99/,,onsite,junior,huji,
אימונולוג/ית .Ph.D העברה מפיתוח,c3,ירושלים,2026-04-09,https://hujicareer.co.il/jobs/%d7%90%d7%99%d7%9e%d7%95%d7%a0%d7%95%d7%9c%d7%95%d7%92-%d7%99%d7%aa-ph-d-%d7%94%d7%a2%d7%91%d7%a8%d7%94-%d7%9e%d7%a4%d7%99%d7%aa%d7%95%d7%97/,,onsite,junior,huji,
"דרוש/ה מאמן/ת כושר לחד""כ של עובדי/ות המרכז הרפואי שמיר",111111,,2026-04-09,https://hujicareer.co.il/jobs/%d7%93%d7%a8%d7%95%d7%a9-%d7%94-%d7%9e%d7%90%d7%9e%d7%9f-%d7%aa-%d7%9b%d7%95%d7%a9%d7%a8-%d7%9c%d7%97%d7%93%d7%9b-%d7%a9%d7%9c-%d7%a2%d7%95%d7%91%d7%93%d7%99-%d7%95%d7%aa-%d7%94%d7%9e%d7%a8%d7%9b/,,onsite,junior,huji,
פיזיקאי/ת מהנדס/ת .B. Sc,c3,ירושלים,2026-04-09,https://hujicareer.co.il/jobs/%d7%a4%d7%99%d7%96%d7%99%d7%a7%d7%90%d7%99-%d7%aa-%d7%9e%d7%94%d7%a0%d7%93%d7%a1-%d7%aa-b-sc/,,onsite,junior,huji,
דרוש/ה לבורנט/ית .M.Sc במדעי הטבע,c3,ירושלים,2026-04-09,https://hujicareer.co.il/jobs/%d7%93%d7%a8%d7%95%d7%a9-%d7%94-%d7%9c%d7%91%d7%95%d7%a8%d7%a0%d7%98-%d7%99%d7%aa-m-sc-%d7%91%d7%9e%d7%93%d7%a2%d7%99-%d7%94%d7%98%d7%91%d7%a2/,,onsite,junior,huji,
מלון ייחודי בירושלים מגייס מנהל/ת חוויית לקוח,c3,ירושלים,2026-04-09,https://hujicareer.co.il/jobs/%d7%9e%d7%9c%d7%95%d7%9f-%d7%99%d7%99%d7%97%d7%95%d7%93%d7%99-%d7%91%d7%99%d7%a8%d7%95%d7%a9%d7%9c%d7%99%d7%9d-%d7%9e%d7%92%d7%99%d7%99%d7%a1-%d7%9e%d7%a0%d7%94%d7%9c-%d7%aa-%d7%97%d7%95%d7%95%d7%99/,,onsite,junior,huji,
"עוזר/ת אישית למנהלי מחלקת הסליקה ומסחר, נגזרים ומדדים בבורסה לניירות ערך",tasa,תל אביב,2026-04-09,https://hujicareer.co.il/jobs/%d7%a2%d7%95%d7%96%d7%a8-%d7%aa-%d7%90%d7%99%d7%a9%d7%99%d7%aa-%d7%9c%d7%9e%d7%a0%d7%94%d7%9c%d7%99-%d7%9e%d7%97%d7%9c%d7%a7%d7%aa-%d7%94%d7%a1%d7%9c%d7%99%d7%a7%d7%94-%d7%95%d7%9e%d7%a1%d7%97%d7%a8/,,onsite,junior,huji,
"רכז/ת גיוס לצהרוני ""ניצנים"" לתאגיד לביא",HUJI Career,ירושלים,2026-04-09,https://hujicareer.co.il/jobs/%d7%a8%d7%9b%d7%96-%d7%aa-%d7%92%d7%99%d7%95%d7%a1-%d7%9c%d7%a6%d7%94%d7%a8%d7%95%d7%a0%d7%99-%d7%a0%d7%99%d7%a6%d7%a0%d7%99%d7%9d-%d7%9c%d7%aa%d7%90%d7%92%d7%99%d7%93-%d7%9c%d7%91%d7%99%d7%90/,,onsite,junior,huji,
ראש/ת צוות סיסטם לחטיבת ההנדסה והטכנולוגיות,LOGO 10,ירושלים,2026-04-09,https://hujicareer.co.il/jobs/%d7%a8%d7%90%d7%a9-%d7%aa-%d7%a6%d7%95%d7%95%d7%aa-%d7%a1%d7%99%d7%a1%d7%98%d7%9d-%d7%9c%d7%97%d7%98%d7%99%d7%91%d7%aa-%d7%94%d7%94%d7%a0%d7%93%d7%a1%d7%94-%d7%95%d7%94%d7%98%d7%9b%d7%a0%d7%95%d7%9c/,,onsite,junior,huji,
למחלקת השקעות ברשות ניירות ערך דרוש/ה רפרנט/ית ליחידת הפיקוח על שירותי מידע ותשלומים,Logo_israel_securities_authority,תל אביב,2026-04-09,https://hujicareer.co.il/jobs/%d7%9c%d7%9e%d7%97%d7%9c%d7%a7%d7%aa-%d7%94%d7%a9%d7%a7%d7%a2%d7%95%d7%aa-%d7%91%d7%a8%d7%a9%d7%95%d7%aa-%d7%a0%d7%99%d7%99%d7%a8%d7%95%d7%aa-%d7%a2%d7%a8%d7%9a-%d7%93%d7%a8%d7%95%d7%a9-%d7%94-%d7%a8/,,onsite,junior,huji,
משרות לאחיות במרפאות מכבי - ירושלים והסביבה,download,ירושלים,2026-03-30,https://hujicareer.co.il/jobs/%d7%9e%d7%a9%d7%a8%d7%95%d7%aa-%d7%9c%d7%90%d7%97%d7%99%d7%95%d7%aa-%d7%91%d7%9e%d7%a8%d7%a4%d7%90%d7%95%d7%aa-%d7%9e%d7%9b%d7%91%d7%99-%d7%99%d7%a8%d7%95%d7%a9%d7%9c%d7%99%d7%9d-%d7%95%d7%94%d7%a1/,,onsite,junior,huji,
מרפא/ה בעיסוק להתפתחות הילד - כלל ארצי,download,,2026-03-30,https://hujicareer.co.il/jobs/%d7%9e%d7%a8%d7%a4%d7%90-%d7%94-%d7%91%d7%a2%d7%99%d7%a1%d7%95%d7%a7-%d7%9c%d7%94%d7%aa%d7%a4%d7%aa%d7%97%d7%95%d7%aa-%d7%94%d7%99%d7%9c%d7%93-%d7%9b%d7%9c%d7%9c-%d7%90%d7%a8%d7%a6%d7%99/,,onsite,junior,huji,
רוקח/ת כלל ארצי לרשת מכבי פארם,download,,2026-03-30,https://hujicareer.co.il/jobs/%d7%a8%d7%95%d7%a7%d7%97-%d7%aa-%d7%9b%d7%9c%d7%9c-%d7%90%d7%a8%d7%a6%d7%99-%d7%9c%d7%a8%d7%a9%d7%aa-%d7%9e%d7%9b%d7%91%d7%99-%d7%a4%d7%90%d7%a8%d7%9d-2/,,onsite,junior,huji,
עובד/ת מעבדה במעבדה המרכזית ברחובות,download,רחובות,2026-03-30,https://hujicareer.co.il/jobs/%d7%a2%d7%95%d7%91%d7%93-%d7%aa-%d7%9e%d7%a2%d7%91%d7%93%d7%94-%d7%91%d7%9e%d7%a2%d7%91%d7%93%d7%94-%d7%94%d7%9e%d7%a8%d7%9b%d7%96%d7%99%d7%aa-%d7%91%d7%a8%d7%97%d7%95%d7%91%d7%95%d7%aa-2/,,onsite,junior,huji,
מפיק/ה לכאן רשת ב' בחטיבת החדשות,LOGO 10,,2026-03-29,https://hujicareer.co.il/jobs/%d7%9e%d7%a4%d7%99%d7%a7-%d7%94-%d7%9c%d7%9b%d7%90%d7%9f-%d7%a8%d7%a9%d7%aa-%d7%91-%d7%91%d7%97%d7%98%d7%99%d7%91%d7%aa-%d7%94%d7%97%d7%93%d7%a9%d7%95%d7%aa/,,onsite,junior,huji,
רכז/ת קבוצות ותוכן - פרויקט ספריית העם היהודי בספרייה הלאומית,HUJI Career,ירושלים,2026-03-29,https://hujicareer.co.il/jobs/%d7%a8%d7%9b%d7%96-%d7%aa-%d7%a7%d7%91%d7%95%d7%a6%d7%95%d7%aa-%d7%95%d7%aa%d7%95%d7%9b%d7%9f-%d7%a4%d7%a8%d7%95%d7%99%d7%a7%d7%98-%d7%a1%d7%a4%d7%a8%d7%99%d7%99%d7%aa-%d7%94%d7%a2%d7%9d-%d7%94/,,onsite,junior,huji,
רכז/ת פעילות מורים - אגף חינוך בספרייה הלאומית,HUJI Career,ירושלים,2026-03-29,https://hujicareer.co.il/jobs/%d7%a8%d7%9b%d7%96-%d7%aa-%d7%a4%d7%a2%d7%99%d7%9c%d7%95%d7%aa-%d7%9e%d7%95%d7%a8%d7%99%d7%9d-%d7%90%d7%92%d7%a3-%d7%97%d7%99%d7%a0%d7%95%d7%9a-%d7%91%d7%a1%d7%a4%d7%a8%d7%99%d7%99%d7%94-%d7%94/,,onsite,junior,huji,
רכז/ת אדמיניסטרטיבי/ת - בית הספר לרוקחות,HUJI Career,ירושלים,2026-03-29,https://hujicareer.co.il/jobs/%d7%a8%d7%9b%d7%96-%d7%aa-%d7%90%d7%93%d7%9e%d7%99%d7%a0%d7%99%d7%a1%d7%98%d7%a8%d7%98%d7%99%d7%91%d7%99-%d7%aa-%d7%91%d7%99%d7%aa-%d7%94%d7%a1%d7%a4%d7%a8-%d7%9c%d7%a8%d7%95%d7%a7%d7%97%d7%95%d7%aa/,,onsite,junior,huji,
דרוש/ה אחראי/ת לתיאום ובקרת השירותים השיקומיים לאגף שיקום נכים במשרד הביטחון,לוגו משרד הביטחון,פתח תקווה,2026-03-29,https://hujicareer.co.il/jobs/%d7%93%d7%a8%d7%95%d7%a9-%d7%94-%d7%90%d7%97%d7%a8%d7%90%d7%99-%d7%aa-%d7%9c%d7%aa%d7%99%d7%90%d7%95%d7%9d-%d7%95%d7%91%d7%a7%d7%a8%d7%aa-%d7%94%d7%a9%d7%99%d7%a8%d7%95%d7%aa%d7%99%d7%9d-%d7%94%d7%a9/,,onsite,junior,huji,
למעבדת QC דרוש/ה אנליטיקאי/ת,c3,,2026-03-29,https://hujicareer.co.il/jobs/%d7%9c%d7%9e%d7%a2%d7%91%d7%93%d7%aa-qc-%d7%93%d7%a8%d7%95%d7%a9-%d7%94-%d7%90%d7%a0%d7%9c%d7%99%d7%98%d7%99%d7%a7%d7%90%d7%99-%d7%aa/,,onsite,junior,huji,
לאגף אמון במשרד הביטחון דרוש/ה ע' בכיר לשכירויות,לוגו משרד הביטחון,תל אביב,2026-03-29,https://hujicareer.co.il/jobs/%d7%9c%d7%90%d7%92%d7%a3-%d7%90%d7%9e%d7%95%d7%9f-%d7%91%d7%9e%d7%a9%d7%a8%d7%93-%d7%94%d7%91%d7%99%d7%98%d7%97%d7%95%d7%9f-%d7%93%d7%a8%d7%95%d7%a9-%d7%94-%d7%a2-%d7%91%d7%9b%d7%99%d7%a8-%d7%9c/,,onsite,junior,huji,
סטודנט/ית מפעיל/ת עמדת גרפיקה לחדר שידור בחטיבת ההנדסה,LOGO 10,ירושלים,2026-03-25,https://hujicareer.co.il/jobs/%d7%a1%d7%98%d7%95%d7%93%d7%a0%d7%98-%d7%99%d7%aa-%d7%9e%d7%a4%d7%a2%d7%99%d7%9c-%d7%aa-%d7%a2%d7%9e%d7%93%d7%aa-%d7%92%d7%a8%d7%a4%d7%99%d7%a7%d7%94-%d7%9c%d7%97%d7%93%d7%a8-%d7%a9%d7%99%d7%93-2/,,onsite,junior,huji,
למרכז מורשת בגין בירושלים דרוש/ה רכז/ת הזמנות,logo_blue_he,ירושלים,2026-03-25,https://hujicareer.co.il/jobs/%d7%9c%d7%9e%d7%a8%d7%9b%d7%96-%d7%9e%d7%95%d7%a8%d7%a9%d7%aa-%d7%91%d7%92%d7%99%d7%9f-%d7%91%d7%99%d7%a8%d7%95%d7%a9%d7%9c%d7%99%d7%9d-%d7%93%d7%a8%d7%95%d7%a9-%d7%94-%d7%a8%d7%9b%d7%96-%d7%aa-%d7%94/,,onsite,junior,huji,
למרכז מורשת בגין דרוש/ה מנהל/ת אחזקה,logo_blue_he,ירושלים,2026-03-25,https://hujicareer.co.il/jobs/%d7%9c%d7%9e%d7%a8%d7%9b%d7%96-%d7%9e%d7%95%d7%a8%d7%a9%d7%aa-%d7%91%d7%92%d7%99%d7%9f-%d7%93%d7%a8%d7%95%d7%a9-%d7%94-%d7%9e%d7%a0%d7%94%d7%9c-%d7%aa-%d7%90%d7%97%d7%96%d7%a7%d7%94/,,onsite,junior,huji,
דרוש.ה מנהל.ת מחקר יישומי ופיתוח לחברה מובילה בתחום תעשיות המזון,maxresdefault,,2026-03-25,https://hujicareer.co.il/jobs/%d7%93%d7%a8%d7%95%d7%a9-%d7%94-%d7%9e%d7%a0%d7%94%d7%9c-%d7%aa-%d7%9e%d7%97%d7%a7%d7%a8-%d7%99%d7%99%d7%a9%d7%95%d7%9e%d7%99-%d7%95%d7%a4%d7%99%d7%aa%d7%95%d7%97-%d7%9c%d7%97%d7%91%d7%a8%d7%94-%d7%9e/,,onsite,junior,huji,
אחראי/ת קשרי לקוחות ופיתוח עסקי (משרה חלקית/סטודנט),logo1,תל אביב,2026-03-25,https://hujicareer.co.il/jobs/%d7%90%d7%97%d7%a8%d7%90%d7%99-%d7%aa-%d7%a7%d7%a9%d7%a8%d7%99-%d7%9c%d7%a7%d7%95%d7%97%d7%95%d7%aa-%d7%95%d7%a4%d7%99%d7%aa%d7%95%d7%97-%d7%a2%d7%a1%d7%a7%d7%99-%d7%9e%d7%a9%d7%a8%d7%94-%d7%97%d7%9c/,,onsite,junior,huji,part_time
לאגף אמון במשרד הביטחון דרוש/ה אחראי מערכות חשמל ותשתיות,לוגו משרד הביטחון,תל אביב,2026-03-25,https://hujicareer.co.il/jobs/%d7%9c%d7%90%d7%92%d7%a3-%d7%90%d7%9e%d7%95%d7%9f-%d7%91%d7%9e%d7%a9%d7%a8%d7%93-%d7%94%d7%91%d7%99%d7%98%d7%97%d7%95%d7%9f-%d7%93%d7%a8%d7%95%d7%a9-%d7%94-%d7%90%d7%97%d7%a8%d7%90%d7%99-%d7%9e%d7%a2/,,onsite,junior,huji,
"מנהל/ת מחשוב ציבורי - האגף למחשוב, תקשורת ומידע",HUJI Career,ירושלים,2026-03-25,https://hujicareer.co.il/jobs/%d7%9e%d7%a0%d7%94%d7%9c-%d7%aa-%d7%9e%d7%97%d7%a9%d7%95%d7%91-%d7%a6%d7%99%d7%91%d7%95%d7%a8%d7%99-%d7%94%d7%90%d7%92%d7%a3-%d7%9c%d7%9e%d7%97%d7%a9%d7%95%d7%91-%d7%aa%d7%a7%d7%a9%d7%95%d7%a8/,,onsite,junior,huji,
Senior AI-Vision Engineer,HUJI Career,מהבית,2026-03-25,https://hujicareer.co.il/jobs/senior-ai-vision-engineer/,,remote,junior,huji,
לתוכנית החברתית גרעיני אודי דרוש/ה מנהל/ת אזור,budi_logo,ירושלים,2026-03-25,https://hujicareer.co.il/jobs/%d7%9c%d7%aa%d7%95%d7%9b%d7%a0%d7%99%d7%aa-%d7%94%d7%97%d7%91%d7%a8%d7%aa%d7%99%d7%aa-%d7%92%d7%a8%d7%a2%d7%99%d7%a0%d7%99-%d7%90%d7%95%d7%93%d7%99-%d7%93%d7%a8%d7%95%d7%a9-%d7%94-%d7%9e%d7%a0%d7%94/,,onsite,junior,huji,
"דרוש/ה רכז/ת מלגות ומילואים (החלפה לחל""ד) למכללת עזריאלי ירושלים",download (4),ירושלים,2026-03-25,https://hujicareer.co.il/jobs/%d7%93%d7%a8%d7%95%d7%a9-%d7%94-%d7%a8%d7%9b%d7%96-%d7%aa-%d7%9e%d7%9c%d7%92%d7%95%d7%aa-%d7%95%d7%9e%d7%99%d7%9c%d7%95%d7%90%d7%99%d7%9d-%d7%94%d7%97%d7%9c%d7%a4%d7%94-%d7%9c%d7%97%d7%9c%d7%93/,,onsite,junior,huji,maternity_cover
משרת רכז/ת חוג - המכון לספרויות - החלפה לחופשת לידה,HUJI Career,ירושלים,2026-03-25,https://hujicareer.co.il/jobs/%d7%9e%d7%a9%d7%a8%d7%aa-%d7%a8%d7%9b%d7%96-%d7%aa-%d7%97%d7%95%d7%92-%d7%94%d7%9e%d7%9b%d7%95%d7%9f-%d7%9c%d7%a1%d7%a4%d7%a8%d7%95%d7%99%d7%95%d7%aa-%d7%94%d7%97%d7%9c%d7%a4%d7%94-%d7%9c%d7%97/,,onsite,junior,huji,maternity_cover
"למשרד הביטחון דרוש/ה ר' תחום שת""פ וקש""ח - אגף ביטחוני מדיני",לוגו משרד הביטחון,תל אביב,2026-03-25,https://hujicareer.co.il/jobs/%d7%9c%d7%9e%d7%a9%d7%a8%d7%93-%d7%94%d7%91%d7%99%d7%98%d7%97%d7%95%d7%9f-%d7%93%d7%a8%d7%95%d7%a9-%d7%94-%d7%a8-%d7%aa%d7%97%d7%95%d7%9d-%d7%a9%d7%aa%d7%a4-%d7%95%d7%a7%d7%a9%d7%97-%d7%90/,,onsite,junior,huji,
הנהלת בתי המשפט מגייסת מנהל/ת תחום בכיר להקמה ותכנון בתי משפט,Israeli_Civil_Service_Commission.svg,ירושלים,2026-03-25,https://hujicareer.co.il/jobs/%d7%94%d7%a0%d7%94%d7%9c%d7%aa-%d7%91%d7%aa%d7%99-%d7%94%d7%9e%d7%a9%d7%a4%d7%98-%d7%9e%d7%92%d7%99%d7%99%d7%a1%d7%aa-%d7%9e%d7%a0%d7%94%d7%9c-%d7%aa-%d7%aa%d7%97%d7%95%d7%9d-%d7%91%d7%9b%d7%99%d7%a8/,,onsite,junior,huji,
לרשות לאכיפה במקרקעין דרוש/ה מרכז/ת בכיר/ה (אכיפה בצוות התערבות),הרשות לאכיפה,ירושלים,2026-03-25,https://hujicareer.co.il/jobs/%d7%9c%d7%a8%d7%a9%d7%95%d7%aa-%d7%9c%d7%90%d7%9b%d7%99%d7%a4%d7%94-%d7%91%d7%9e%d7%a7%d7%a8%d7%a7%d7%a2%d7%99%d7%9f-%d7%93%d7%a8%d7%95%d7%a9-%d7%94-%d7%9e%d7%a8%d7%9b%d7%96-%d7%aa-%d7%91%d7%9b%d7%99/,,onsite,junior,huji,
למשרד הבינוי והשיכון דרוש/ה מנהל/ת תחום (ארגון ושיטות תגמול תמרוץ),משרד-הבינוי-והשיכון,ירושלים,2026-03-25,https://hujicareer.co.il/jobs/%d7%9c%d7%9e%d7%a9%d7%a8%d7%93-%d7%94%d7%91%d7%99%d7%a0%d7%95%d7%99-%d7%95%d7%94%d7%a9%d7%99%d7%9b%d7%95%d7%9f-%d7%93%d7%a8%d7%95%d7%a9-%d7%94-%d7%9e%d7%a0%d7%94%d7%9c-%d7%aa-%d7%aa%d7%97%d7%95-2/,,onsite,junior,huji,
"דרוש/ה מבקר/ת (מתמחה או רו""ח מתחיל) במשרד רואה/ת חשבון בתל אביב",c3,תל אביב,2026-03-25,https://hujicareer.co.il/jobs/%d7%93%d7%a8%d7%95%d7%a9-%d7%94-%d7%9e%d7%91%d7%a7%d7%a8-%d7%aa-%d7%9e%d7%aa%d7%9e%d7%97%d7%94-%d7%90%d7%95-%d7%a8%d7%95%d7%97-%d7%9e%d7%aa%d7%97%d7%99%d7%9c-%d7%91%d7%9e%d7%a9%d7%a8%d7%93-%d7%a8/,,onsite,junior,huji,internship
למעבדה תעשייתית דרוש/ה לבורנט/ית בוגר/ת תואר ראשון בכימיה,c3,,2026-03-25,https://hujicareer.co.il/jobs/%d7%9c%d7%9e%d7%a2%d7%91%d7%93%d7%94-%d7%aa%d7%a2%d7%a9%d7%99%d7%99%d7%aa%d7%99%d7%aa-%d7%93%d7%a8%d7%95%d7%a9-%d7%94-%d7%9c%d7%91%d7%95%d7%a8%d7%a0%d7%98-%d7%99%d7%aa-%d7%91%d7%95%d7%92%d7%a8-%d7%aa/,,onsite,junior,huji,
