title,company,location,date,url,department,workplace_type,description,source
מנהל/ת מצוינות תפעולית בונז'ור,Osem-Nestlé,Kiryat Gat,2026-06-10,https://www.osem-nestle.co.il/career/open-positions/405829,שרשרת אספקה ורכש,fulltime,"מפעל בונז'ור מגייס מנהל/ת מצוינות תפעולית זמני/ת לתפקיד מרתק שכולל
הובלת תהליכי שיפור מתמיד בכל פעילויות המפעל תוך יישום מתודולוגיות מתקדמות לצמצום הפסדים במפעל ולפתרון בעיות .
הובלת הטמעת מערכת DMO במפעל (מערכת MES )
הבנת הצרכים העסקיים בטווח הקצר והארוך.
הובלת מהלכים אסטרטגים לתוכנית רב שנתית/שנתית, השגת יעדים ותוצאות המפעל תוך הנעת מנהלים ועובדים.
הובלת תהליכי מצוינות ופרויקטי שיפור.
הדרכה וחניכה של הקבוצות בתחומים השונים. הטמעה ויישום כלי בקרה בתהליך.
ניהול תקנים ברצפת הייצור וזיהוי צווארי בקבוק בתהליך.
התפקיד בכפיפות למנהל מפעל וחבר הנהלת מפעל
דרישות התפקיד
מהנדס/ת תעשיה וניהול – יתרון משמעותי,  או תואר רלבנטי אחר - חובה
ניסיון בתפקיד דומה – חובה.
הכרה מעמיקה של מתודולוגיות הנדסת ייצור
ניסיון בשיפור תהליכים (מתודולוגיות 6sigma, KAIZEN )
ניסיון מוכח בהובלת שינוי ובהדרכה/חניכה
ניסיון במערכות SAP ומערכות בקרת תהליך – יתרון משמעותי
שליטה מלאה ביישומי OFFICE
יכולות ניתוח נתונים ואנליטיות ברמה גבוהה. אנגלית ברמה גבוהה המשרה בקרית גת",osem
סטודנט/ית למחלקת שרשרת אספקה שדרות,Osem-Nestlé,Sderot,2026-06-10,https://www.osem-nestle.co.il/career/open-positions/405607,שרשרת אספקה ורכש,fulltime,"אתר אסם נסטלה בשדרות מגייס סטודנט/ית למחלקת שרשרת אספקה
לתפקיד חדש ומעניין בצוות הרכש המפעלי במסגרת התפקיד
אחריות לניהול של  3 ספקי אריזות
הוצאת הזמנות, תזמון אספקות יומי, ניהול המלאי במפעל, טיפול בחשבוניות חסומות
ממשק רחב עם צוות המתכננים במפעל דרישות התפקיד
סטודנט/ית ללימודים תעשייה וניהול / לוגיסטיקה – חובה
סטודנט/ית בשנה האחרונה ללימודים- חובה זמינות 3-4 ימי  עבודה בשבוע לפחות
אנגלית ברמה טובה
יישומי אופיס ברמה טובה מאוד
נכונות למשרה זמנית
נדרשת הגעה עצמאית למפעל",osem
סטודנט/ית למשרה זמנית במחלקת אריזות,Osem-Nestlé,Hevel Modiin,2026-06-10,https://www.osem-nestle.co.il/career/open-positions/405602,הנדסה,fulltime,"מחלקת אריזות של קבוצת אסם נסטלה מגייסת סטודנט/ית
לתפקיד שבמסגרתו:
עדכון ובנייה של מפרטי אריזות בגלוב ( SAP )
תמיכה במהנדסי המחלקה בנושאי מפרטים
ניתוח נתוני אריזות ע""י שימוש בפונקציות אקסל איסוף נתונים מול מאגרי המידע ומול הספקים
עבודה שוטפת מול ממשקים (מהנדסים, ספקים)
דרישות התפקיד
סטודנט/ית להנדסה או תואר רלוונטי אחר בשנה ב' לפחות (יתרת לימודים של שנה- חובה)
עבודה עצמאית, דיוק, סדר, וארגון
תקשורת בינאישית טובה, תודעת שירות
ניסיון בעבודה עם אקסל ויישומי מחשב ( Teams, Outlook, SAP - יתרון)
זמינות לחצי משרה (2-3 ימים בשבוע)
אנגלית ברמה טובה מאוד
העבודה במטה אסם נסטלה בשוהם, נדרשת הגעה עצמאית",osem
סטודנט/ית לתפקיד בתחום People Analytics וDATA במשאבי אנוש,Osem-Nestlé,Hevel Modiin,2026-06-10,https://www.osem-nestle.co.il/career/open-positions/405603,משאבי אנוש,fulltime,"אנו מחפשים סטודנט/ית לתפקיד בתחום People Analytics ו DATA במשאבי אנוש . התפקיד מהווה הזדמנות להשתלב בעולם ה -HR Data ולרכוש ניסיון מעשי בניהול וניתוח נתונים ארגוניים, תוך עבודה מול ממשקים מקומיים וגלובליים .
תחומי אחריות
• סיוע בניהול ותחזוקת מבנה ארגוני ונתוני משרות במערכות HR ( כגון SuccessFactors). • תמיכה בבקרות איכות נתונים ועדכון נתונים שוטף . • סיוע בניהול קטלוג המשרות בהתאם להנחיות גלובליות . • הפקת דוחות וניתוח נתונים • תמיכה בתהליכי תגמול שנתיים (הזנות נתונים, בדיקות, בקרה) . • השתתפות בפרויקטי HR ודאטה, כולל יישום הנחיות גלובליות . • עבודה מול גורמים שונים בארגון בארץ ובחו""ל . • תמיכה ביוזמות HR נוספות ובשינויים ארגוניים .
דרישות התפקיד • סטודנט/ית לתואר ראשון (לפחות שנה ב'- יתרת לימודים של שנה!) בתחומים רלוונטיים: סטטיסטיקה, כלכלה, מנהל עסקים, מערכות מידע, הנדסה תעשייה וניהול או תחום דומה . • זיקה לעבודה עם נתונים ועניין בתחום People Analytics / HR Data. • שליטה טובה ב Excel (כולל פונקציות) • יכולת אנליטית, דיוק וירידה לפרטים . • אנגלית ברמה טובה (קריאה, כתיבה ודיבור) .",osem
מנהל/ת מחלקת מכירות לשוק המקצועי חברת נספרסו,Osem-Nestlé,Petah Tikva,2026-06-10,https://www.osem-nestle.co.il/career/open-positions/404633,מכירות,fulltime,"נספרסו מגייסת מנהל/ת מחלקת מכירות לשוק המקצועי
התפקיד כולל:
דרישות:",osem
מנהל/ת לקוחות לאזור דרום,Osem-Nestlé,Beer Sheva,2026-06-10,https://www.osem-nestle.co.il/career/open-positions/404797,מכירות,fulltime,"אסם נסטלה פרופשיונאל, החטיבה המקצועית של קבוצת אסם, מחפשת מנהל/ת לקוחות לאזור באר שבע והסביבה עם רעב להצלחה, מוטיבציה ויכולת לזהות ולמקסם הזדמנויות.
אם יש לך דרייב אמיתי למכירות, יכולת לבנות קשרים מעולים עם לקוחות, ותשוקה לסגירת עסקאות בשטח, אנחנו רוצים אותך איתנו!
מה התפקיד כולל?
עמידה ביעדים והובלת מכירות בהתאם לדרישות עסקיות
ניהול סחר מול הלקוחות בהתאם למדיניות
זיהוי הזדמנויות למוצרים חדשים והגדלת נפח הפעילות
איתור וגיוס לקוחות חדשים בשטח
בנייה וטיפוח קשרים ארוכי טווח עם לקוחות
ממשק עבודה צמוד עם נציגת מכירות טלפוני: להבטיח קיום ביצוע הזמנות, טיפול שוטף מול הלקוח
שיתוף פעולה עם צוות המכירות
ניהול תהליך הגבייה מלקוחות לרבות גביית כסף, אובליגו לקוח, גיול חובות, ימי אשראי וביטחונות
דרישות התפקיד:
ניסיון של 3+ שנים במכירות שטח – עדיפות מתחום המזון/קולינריה
יכולת ניהול משא ומתן ושכנוע ברמה גבוהה
רישיון נהיגה בתוקף
שליטה ביישומי מחשב לניהול ואוריינטציה דיגיטלית
תואר ראשון יתרון",osem
סטודנט/ית למעבדה הסנסורית,Osem-Nestlé,Sderot,2026-06-10,https://www.osem-nestle.co.il/career/open-positions/404783,טכנולוגיה ואיכות,fulltime,"מפעל אסם נסטלה שדרות מגייס סטודנט/ית למעבדה הסנסורית
במסגרת התפקיד:
קבלה וקליטה של חומרי גלם עבודה על מחשב- תיעוד, איסוף, דוחות
איסוף וניתוח חומרי אנליזה
עזרה בביצוע עבודות תומכות במעבדה (בדיקות שקילה, בדיקות ריח וכדומה)
התרעה על חריגות ואי התאמות למנהלת המעבדה.
תיוק וכל עבודה אדמיניסטרטיבית אחרת שתדרש במעבדה
דרישות התפקיד
סטודנט/ית להנדסה כימית/ביוטכנולוגיה/ביולוגיה/מזון- חובה.
יישומי OFFICE ברמה גבוהה
יסודיות, חריצות ודיוק
זמינות לעבודה 3 ימים בשבוע
הגעה עצמאית",osem
מהנדס/ת תהליך טבעול צבר,Osem-Nestlé,Kiryat Gat,2026-06-10,https://www.osem-nestle.co.il/career/open-positions/404037,הנדסה,fulltime,"מפעל צבר טבעול מגייס מהנדס/ת תהליך צבר טבעול לתפקיד שכולל
תכנון וביצוע פרויקטים תהליכיים לצורך שיפור וייעול טיפול ופתרון בעיות טכניות בתהליך הייצור הדרכה טכנית לעובדים ומנהלים ולידציה של ציוד ותהליכים חדשים ניהול תהליכי CIP – אופטימיזציה, ולידציה והטמעה ביצוע משימות הנדסיות שונות
דרישות התפקיד : תואר בהנדסה כימית / הנדסת מכונות - חובה ניסיון בתעשיית המזון / הפארמה / תעשייה תהליכית אחרת - חובה ידע וניסיון בעבודה עם מערכות בקרה HMI ידע וניסיון בקריאה ובהכנת שרטוטי תהליך P&ID שליטה טובה באנגלית
המפעל בקרית גת, נדרשת הגעה עצמאית",osem
סטודנט/ית לשיווק לחטיבת המאפה,Osem-Nestlé,Hevel Modiin,2026-06-10,https://www.osem-nestle.co.il/career/open-positions/403775,שיווק,fulltime,"קבוצת אסם נסטלה מגייסת סטודנט/ית לשיווק לחטיבת המאפה!תמיכה לוגיסטית ותפעולית במהלכים שיווקיים ופעילות שיווק שוטפת
תמיכה בפעילויות של השקת מוצר
ניתוחי שוק, היכרות עם המתחרים וניתוח מבצעים
מעקב אחר חומרי שיווק שונים באנגלית ותרגומים לשוק המקומי
עבודה מול יחידות שונות באסם
דרישות התפקיד
סטודנט/ית בתחומי השיווק שנה ג' ומעלה - חובה
סטודנט/ית לתואר שני- יתרון משמעותי
ניסיון קודם בעולמות השיווק - יתרון
אנגלית ברמה גבוהה (כתיבה ודיבור)
אקסל ברמה טובה מאוד, יכולות אנליטיות
זמינות לעבודה לפחות 3 פעמים בשבוע
נכונות למשרה זמנית
המשרה באזור תעשיה חבל מודיעין, שוהם. נדרשת הגעה עצמאית",osem
מאמנ.ת קפה ואפייה מקצועי משרת שטח באזור הדרום,Osem-Nestlé,Hevel Modiin,2026-06-10,https://www.osem-nestle.co.il/career/open-positions/403877,מכירות,fulltime,"קפה ומאפה מעוררים לכם.ן את החושים? אסם נסטלה פרופשיונל מגייסת מאמנ/ת קפה ואפייה מקצועי לאזור באר שבע, אילת וים המלח. התפקיד כולל ביצוע הדרכות בריסטה ואפייה מקצועיות ללקוחות. גיוס לקוחות חדשים לצד תמיכה וליווי בלקוחות קיימים. הטמעת שיטות עבודה בנק' האפייה והקפה. עמידה ביעדי-מכירות והעמקת המכירות עפ""י יעדי החברה. ניהול לו""ז ויכולת חלוקת זמן בין הלקוחות והקטגוריות השונות. דרישות התפקיד ניסיון קודם בעולמות הקפה כולל הבנה בתערובות קפה, ציוד (מכונות קפה, מטחנות וכו) ועבודת הבריסטה – חובה. ניסיון קודם באפייה/קונדיטוריה או בעולם המזון בתפקיד דומה – חובה ניסיון בעבודת מכירות שטח ושירות לקוחות – חובה רישיון נהיגה בתוקף – חובה ידע טכני בסיסי בציודים (מכונות קפה ותנורי אפיה) כגון כיוון תוכניות אפייה, טיפול ראשוני בתפריטי מכונות קפה וכיוון ומטחנות. זמינות לטיפול בבעיות דחופות בימי שישי וערבי חג בהתאם לצורך משרה באזור הדרום מגורים בבאר שבע והסביבה נכונות  לנסיעה פעם בשבוע לאילת",osem
סטודנט/ית למחלקת הבטחת איכות למפעל הבמבה,Osem-Nestlé,Kiryat Gat,2026-06-10,https://www.osem-nestle.co.il/career/open-positions/403700,טכנולוגיה ואיכות,fulltime,"מפעל אסם קרית גת מגייס סטודנט/ית למחלקת הבטחת איכות
במסגרת התפקיד:
דיגום מיקרו ברחבי המפעל כחלק מתוכנית בטיחות מזון מפעלית.
ניהול תוכניות המעקב המפעליות שמטרתן אימות ביצוע ויישום תוכניות ערכים תזונתיים ומבדקים פנימיים.
תמיכה בניהול מערכות איכות- תיקוף הוראות עבודה וסטנדרטים.
תמיכה בביצוע מבדקים בקווים בהתאם לתוכנית שנתית + תקשור פערים
ניתוח דוחות ומגמות לשיפור המוכנות היומיומית
סיוע בנושאים שוטפים רלוונטים למחלקה
דרישות התפקיד
סטודנט/ית להנדסה כימית/ביוטכנולוגיה/ביולוגיה/מזון- חובה.
זמינות לעבודה 3 ימים בשבוע
שליטה ביישומי OFFICE
אנגלית ברמה טובה
המפעל נמצא בקרית גת, נדרשת הגעה עצמאית",osem
מאמנ.ת אפייה באזור הדרום,Osem-Nestlé,Hevel Modiin,2026-06-10,https://www.osem-nestle.co.il/career/open-positions/403686,מכירות,fulltime,"קבוצת אסם סחר מגייסת מאמנ.ת אפייה לתפקיד שטח באזור הדרום
שכולל
הובלת תהליכי הדרכה, מכירה ותמיכה מקצועית באפייה, תוך שמירה על איכות המוצרים
הדרכת אופים בנקודות מכירה על אפייה, התפחה, תכנון סדרי עבודה ושיטות עבודה תקניות.
חניכה וליווי מקצועי ללקוחות קיימים וחדשים.
הבטחת איכות המאפים בתהליך ההכנה והאפייה.
ניהול תפעולי בנקודות מכירה , מענה לבעיות בשטח, כולל תקלות טכניות בסיסיות בציוד אפייה.
עמידה ביעדים והגדלת מגוון המוצרים.
דרישות התפקיד
ניסיון קודם באפייה/קונדיטוריה  – חובה
תודעת שירות גבוהה ויחסי אנוש טובים
זיקה לעבודה בסביבה טכנולוגית
ניסיון בעבודת מכירות שטח ושירות לקוחות – יתרון
כישורי הדרכה, לימוד וחניכה של לקוחות בנושא אפיה
רישיון נהיגה בתוקף – חובה
משרת שטח באזור הדרום",osem
מדריך/ה מרכז מבקרים במבה,Osem-Nestlé,Kiryat Gat,2026-06-10,https://www.osem-nestle.co.il/career/open-positions/402646,שיווק,fulltime,"מרכז המבקרים של מפעל במבה מקבוצת אסם נסטלה מחפש מדריך/ה!
הדרכת סיורי קבוצות מבקרים בשכבות גיל מגוונות
הפעלת בובה בתחפושת של תינוק הבמבה
עבודה אדמיניסטרטיבית על פי הצורך
גבייה בחנות המזכרות
פריקת סחורה וסידור החנות הכנת מארזים אחריות על נראות וניקיון האביזרים והסביבה במרכז המבקרים דרישות התפקיד
ניסיון בהדרכה (קייטנות, תנועת נוער, צבא) – יתרון!
יכולת עמידה מול קהל, אנרגטיות
הכרת תוכנות ה- OFFICE
עבודה במשמרות: 08:30-14:30 /  14:30-20:30
זמינות ל3/4 ימים בשבוע
מינימום שתי משמרות ערב בשבוע
יום שישי – לסרוגין
העבודה במפעל במבה בקרית גת (נדרשת הגעה עצמאית)",osem
מנהל/ת מותג של החטיבה המקצועית של אסם נסטלה,Osem-Nestlé,Hevel Modiin,2026-06-10,https://www.osem-nestle.co.il/career/open-positions/402301,שיווק,fulltime,"החטיבה המקצועית של אסם-נסטלה מגייסת מנהל/ת מותג. במסגרת התפקיד: ניהול תהליכי פיתוח מוצרים והשקת מוצרים מחו""ל כולל הנעת ממשקים במפעלים, טכנולוגיה ופיתוח אריזות ניהול פרויקטים והוצאה לפועל של תוכנית החדשנות ניתוח השוק והכרות מעמיקה עם הלקוחות והמתחרים, זיהוי צרכים ומתן פתרונות מעקב אחר ביצועי השקות מוצרים חדשים: עמידה בתחזיות, מלאים ומכירות מעקב ובקרה אחר פעילות התקשורת השיווקית – קשר עם משרד הפרסום, יח""צ, קד""מ אחריות על היעדים העסקיים הפקת דוחות ניהוליים שוטפים, מעקב מלאים וניהול תחזיות וביצוע ניתוחים אנליטיים דרישות התפקיד תואר ראשון במנהל עסקים/כלכלה/שיווק – חובה ניסיון קודם בניהול מותג - חובה הבנה אנליטית, ניסיון בניתוח נתונים והסקת מסקנות – חובה ניסיון בניהול פרויקטים - יתרון שליטה ביישומי OFFICE ברמה גבוהה מאוד – חובה יכולות אנליטיות, עבודה בצוות, עבודה תחת לחץ וריבוי משימות יצירתיות שיווקית ומתן פתרונות מחוץ לקופסא יכולת עבודה עצמאית אנגלית ברמה טובה מאוד, דיבור וכתיבה – עבודה רבה מול חו""ל המשרה באזור תעשיה חבל מודיעין, שוהם",osem
יועצ/ת תזונה למרכז ליעוץ תזונתי של חברת מטרנה אסם נסטלה,Osem-Nestlé,Maabarot,2026-06-10,https://www.osem-nestle.co.il/career/open-positions/402302,טכנולוגיה ואיכות,fulltime,"המרכז לייעוץ תזונתי של חברת מטרנה מגייס יועצ/ת תזונה לתפקיד שכולל: מתן מענה מקצועי בנושאים שונים ללקוחות בנושאי תזונה, ייעוץ ומידע כללי יכולת הבנה של צורכי הלקוחות מציאת פתרונות יצירתיים תוך שמירה על ערכי החברה השתתפות בכנסים מקצועיים דרישות התפקיד דיאטנ/ית בעל/ת תואר ראשון בתזונה – חובה ניסיון בתפקיד דומה- יתרון שליטה מלאה ב- OFFICE חובה נכונות למשרה מלאה, 8:00- 17:00 העבודה בסמוך לבית הלוי, נדרשת הגעה עצמאית",osem
סטודנט/ית לשיווק לקבוצת אסם סחר,Osem-Nestlé,Hevel Modiin,2026-06-10,https://www.osem-nestle.co.il/career/open-positions/402158,שיווק,fulltime,"סטודנט/ית לשיווק לקבוצת אסם סחר
קבוצת אסם סחר מגייסת סטודנט/ית לתפקיד מרתק ומעשיר
במסגרת התפקיד
היכרות עם מערכות חיצוניות המשקפות את מצב שוק המזון
ריכוז נתונים למצגות שיווקיות אסטרטגיות
ניתוחים שוטפים להבנת זירת התחרות והפעילות המסחרית לפי קטגוריות
שליפה וריכוז נתונים ממערכות פנימיות וחיצוניות
בניית דו""חות BI עלפי דרישה
לקיחת חלק בניתוח מחקרי שוק וזיהוי מגמות וטרנדים
פרוייקטים שוטפים על פי דרישה
דרישות התפקיד
השכלה אקדמאית רלוונטית (מנהל עסקים, שיווק, כלכלה )
אוריינטציה שיווקית וזיקה לעולמות ה- AI
יכולת אנליטית
אנגלית ברמה טובה.
OFFICE ברמה גבוהה
היכרות מוקדמת עם PBI - יתרון
המשרה באזור תעשיה חבל מודיעין, שוהם- נדרשת הגעה עצמאית",osem
נציג/ת בק אופיס למרכז השירות עבור צוות המתמחה בניהול תהליכי שרשרת אספקה,Osem-Nestlé,Kiryat Gat,2026-06-10,https://www.osem-nestle.co.il/career/open-positions/401157,מכירות,fulltime,"קבוצת אסם מגייסת נציג/ת בק אופיס למרכז השירות עבור צוות המתמחה בניהול תהליכי שרשרת אספקה במסגרת התפקיד ניהול הזמנות ללקוחות אסטרטגיים בדיקת מלאים, טיפול באספקות ממחסנים חיצוניים הפקת דוחות לאיתור לקויות בהזמנות וטיפול בהתאם טיפול שוטף בהזמנות תוך התנהלות צמודה עם גורמי לוגיסטיקה . דרישות תפקיד 12 שנות לימוד ניסיון קודם בתפקיד דומה - יתרון שליטה מלאה ביישומי מחשב אנגלית ברמה טובה נכונות למשרה מלאה המשרה בקרית גת",osem
נציג/ת שירות לקוחות למוקד הצרכנים,Osem-Nestlé,Kiryat Gat,2026-06-10,https://www.osem-nestle.co.il/career/open-positions/401153,מכירות,fulltime,"אסם מגייסת נציג/ת שירות לקוחות למוקד הצרכנים לתפקיד שכולל: מענה טלפוני לצרכן הסופי הרוכש את מוצרי הקבוצה טיפול שוטף בפניות של הצרכן בערוצי תקשורת שונים לרבות מדיה דיגיטלית התנהלות רציפה מול הצרכן הסופי (שיחות, מיילים וכדומה) מעקב אחר הפניה ואחריות על סגירת הטיפול משימות שוטפות לפי דרישה דרישות התפקיד ניסיון קודם של כשנה בעולמות השירות- חובה עברית רהוטה שליטה ביישומי OFFICE קליטה כעובד.ת חברה מהיום הראשון! בונוס רבעוני! מענק התמדה! המשרה בקרית גת, נדרשת הגעה עצמאית",osem
נציג/ת תפעול מוצרים למרכז השירות בקרית גת אסם נסטלה,Osem-Nestlé,Kiryat Gat,2026-06-10,https://www.osem-nestle.co.il/career/open-positions/401083,מכירות,fulltime,"מרכז שירות לקוחות של קבוצת אסם מגייס למחלקת תשתיות נציג/ת תפעול מוצרים לתפקיד שכולל: הקמת מוצרים במערכת הSAP , מחירים , קטלוג מוצרים ביצוע בקרה להקמות מוצרים . קשר רציף ותיאום אל מול מנהלים בקבוצת אסם ניתוח נתונים תוך מתן שירות וסיוע למנהלים דרישות התפקיד ניסיון בתפקיד תפעולי/אדמיניסטרטיבי קודם- חובה אקסל ברמה טובה מאוד שליטה ביישומי מחשב היכרות עם מערכות SAP- יתרון נדרשת נכונות ויכולת לעבודה בצוות אנגלית ברמה טובה העבודה במוקד שרות לקוחות קרית גת - הגעה עצמאית",osem
מבקר/ת איכות עסיס קבוצת אסם נסטלה,Osem-Nestlé,Kibbutz Beit HaShita,2026-06-10,https://www.osem-nestle.co.il/career/open-positions/400609,טכנולוגיה ואיכות,fulltime,"מפעל אסם בבית השיטה מגייס מבקר/ת איכות לתפקיד שכולל: הדרכת עובדי הייצור ובקרה על עבודה על פי עקרונות אבטחת איכות המוצר בקרה בתהליך על איכות ובטיחות המוצרים המיוצרים בקווי הייצור בהתאם למפרטים, תוכניות ביקורת והוראות עבודה. בקרה ואחריות על נקודות קריטיות לפי תכניות HACCP ניתוח אירועים חריגים שמקורם בכשל בבקרת איכות בתהליך וגיבוש פעולות מתקנות חסימת מוצרים שאינם עומדים במפרטים ובתוכניות הביקורת ביצוע הדרכות איכות ובטיחות מזון לעובדי ייצור בדיקות מים ואוויר, דיגום ידיים ואישור ניקיונות ודיגום שטח ביצוע בדיקות מעבדה : בדיקות חומר במגרשים, בדיקות בתהליך , בדיקות תוצ""ג עפ""י תקנים והוראות עבודה השתתפות בישיבות תפעוליות יומיות דרישות התפקיד הנדסאי/ת או תעודה בתחום– יתרון ידע וניסיון קודם בבקרת איכות במפעל תעשייתי דומה- חובה אנגלית ברמה בסיסית שליטה טובה בשפה עברית (דיבור, קריאה וכתיבה) שליטה ב excel- חובה נכונות לעבודה במשמרות (משמרת בוקר + משמרת ערב) + נכונות לשעות נוספות במידת הצורך המשרה בקיבוץ בית השיטה, נדרשת הגעה עצמאית",osem
מחסנאי/ת למערך ההפצה בבאר שבע,Osem-Nestlé,Beer Sheva,2026-06-10,https://www.osem-nestle.co.il/career/open-positions/400607,שרשרת אספקה ורכש,fulltime,"תיאור התפקיד
ביצוע עבודות מלגזה במחסן
פריקה והעמסת סחורה
סידור ומיון משטחים ריקים
סדר וניקיון
קבלת וטיפול בנהגים
עדכון ומילוי דוחות הזנת נתונים ועדכון במערכת
דרישות התפקיד
רישיון נהיגה- חובה
רישיון על מלגזה- חובה
ניסיון בתפקיד דומה- יתרון
ידע בתוכנת OFFICE - חובה
העבודה באזור תעשיה עמק שרה באר שבע- הגעה עצמאית משרה מלאה, שעות עבודה 05:30-14:30 (נכונות לעבודה במשמרת ערב במידת הצורך)",osem
מחסנאי/ת טכני בונז'ור,Osem-Nestlé,Kiryat Gat,2026-06-10,https://www.osem-nestle.co.il/career/open-positions/400438,שרשרת אספקה ורכש,fulltime,"מפעל בונז'ור מגייס מחסנאי/ת  למחסן הטכני לתפקיד שכולל
ניהול וביצוע של חלקי חילוף באחזקה
קבלה למלאי ניפוק חלקי חילוף
עבודה מול מערכת SAP
ביצוע ספירות מלאי תקופתיות (אחת לחודש)
עבודה מול ספקים לשמירת רציפות מלאי למחסן
ביצוע ביקורות תקופתיות לציוד כיבוי אש
נסיעות לספקים לפי הצורך, להבאת חלקי חילוף דחופים
דרישות התפקיד:",osem
QA Manager Sderot- Osem Sderot,Osem-Nestlé,Sderot,2026-06-10,https://www.osem-nestle.co.il/career/open-positions/399857,טכנולוגיה ואיכות,fulltime,Job Description,osem
מנהל/ת מערכות איכות זמני/ת אתר אסם נסטלה בשדרות,Osem-Nestlé,Sderot,2026-06-10,https://www.osem-nestle.co.il/career/open-positions/398773,טכנולוגיה ואיכות,fulltime,"תיאור התפקיד
ניהול מערכות איכות חוצי מפעל
ניהול וניתוח מדדי איכות
בחינת אפקטיביות התהליכים  והטמעת נהלים חדשים
ניהול פרויקטים חוצי מפעל בתחום האיכות
ייזום פעולות ותהליכים לשיפור המדדים ומעקב לאחר ביצועם.
סקרי הנהלה – איסוף נתונים, ניתוח והכנת סקר ההנהלה
הכנת המפעל למבדקים חיצוניים
בקרת נהלי נסטלה ניהול כפיפות של עובד איכות אחד
דרישות התפקיד
בוגר/ת אקדמאי/ת במדעי החיים, הנדסת מזון, טכנולוגיה של מזון, הנדסה כימית, הנדסה תעשיה וניהול- חובה ניסיון של עד שנתיים בתעשייה- חובה
אנגלית ברמה טובה מאוד
נכונות למשרה זמנית, החלפה לחופשת לידה.
המשרה באתר שדרות",osem
חשמלאי/ת עבור מחלקת תשתיות במפעל אסם נסטלה בשדרות,Osem-Nestlé,Sderot,2026-06-10,https://www.osem-nestle.co.il/career/open-positions/398772,הנדסה,fulltime,"תיאור התפקיד
טיפול בחריגות ותקלות וביצוע פעולות מתקנות ומעקב אחריהן על מנת לוודא טיפול מוצלח וארוך טווח
אחריות על מערכות חשמל ותיקון תקלות במחלקת תשתיות.
אחריות על תפעול תקין של מערכות המיזוג וקירור.
אחריות על ביצוע תוכניות עבודה ועדכונם באופן שוטף .
אחריות על קריאת מוני חשמל מפעליות .
דיווח במערכות אחזקה מפעליות 03 PM
תפעול שוטף וטיפול בתקלות בכל המערכות שצורכות חשמל במפעל (מתקן שפכים, מדחסים, מיזוג וכדומה).
דרישות התפקיד
הנדסאי/ת חשמל בעל ניסיון בתעשייה
ידע במערכות מיזוג וקירור תעשייתיים- יתרון
טכנאי/ת מיזוג וקירור - יתרון
ידע ויכולת עבודה במחשבים ותוכנות אקסל , וורד , ו – SAM .
אנגלית ברמה בסיסית
נדרשת הגעה עצמאית / קיים מערך הסעות שעות המשרה- 06:15 – 15:15 ימים א-ה יום ו' לסירוגין, נכונות לשעות נוספות , זמינות לקריאות חובה
תורנות שבועית לשעות אחה""צ במחלקה עד לשעה 18:45 .",osem
מנהל/ת trade assets נסטלה פרופשיונאל אסם נסטלה,Osem-Nestlé,Hevel Modiin,2026-06-10,https://www.osem-nestle.co.il/career/open-positions/397643,אדמיניסטרציה,fulltime,"תיאור התפקיד
ניהול מקיף על ציוד (רכש, אחזקה, ניהול שוטף)
ניהול מצאי ה- Trade Asset (מכונות למיניהן), ביצוע מעקב ובקרה כלכלית
עבודה שוטפת מול ספקים ואחריות על יבוא הציוד לארץ
ביצוע בקרת תקציב - הוצאות דוחות שוטפים ובחינת מדדים חודשיים
דיווחים ותקשורת שוטפת מול נסטלה העולמית ומטה הארצי
קשר עם ספקי שירות ושליטה באפקטיבית ציודים
ניהול עובדים
פיקוח וביצוע עבודה על פי נהלי Nestle
דרישות התפקיד
השכלה אקדמית - חובה (הנדסה/ כלכלה/ לוגיסטיקה - יתרון)
ניסיון של שנתיים בתחומי לוגיסטיקה ורכש - חובה
ניסיון קודם עבודה על מערכות ממוחשבות - חובה
אוריינטציה חזקה למספרים
תפסיה שירותית גבוהה, סדר וארגון
עבודה מרובת ממשקים (שטח, ספקי שירות, רכש, מכס ועוד...) - כולל ממשקים בינלאומיים
היכרות עם מערכות SAP - יתרון משמעותי
אנגלית ברמה גבוהה - חובה
העבודה באזור תעשיה חבל מודיעין שוהם",osem
מכונאי/ת אחזקה מפעל אסם יקנעם,Osem-Nestlé,Yokneam,2026-06-10,https://www.osem-nestle.co.il/career/open-positions/394320,טכני וייצור,fulltime,מפעל אסם יקנעם מחפש מכונאי/ת אחזקה לתפקיד שכולל: ביצוע אחזקה מונעת וחזויה למכונות אריזה והייצור ע''פ תכנון מנהל המחלקה. מתן פתרונות יעילים ומהירים לתקלות שבר ברצפת הייצור. ייזום רעיונות כל אחד בתחום המכונות עליו הוא אחראי. לימוד מתמיד של המכונה וביצועיה. תיעוד ורישום בתוכנת ERP (SAP). ביצוע והשתתפות בפרויקטים. ביצוע והשתתפות בלמידות ותחקירי תקלה. עבודה בהתאם לדרישות בטיחות ואיכות במפעל. דרישות התפקיד: טכנאי/ת הנדסאי/ת מכונות- יתרון ניסיון כעובד אחזקה במכונות אריזה וייצור- חובה עבודת צוות יישומי מחשב ברמה טובה נכונות לעבודה במשמרות אנגלית טכנית ידע במצוינות תפעולית - יתרון.,osem
"מזכיר/ה ללשכת מנכ""ל קבוצת אסם נסטלה",Osem-Nestlé,Hevel Modiin,2026-06-10,https://www.osem-nestle.co.il/career/open-positions/394386,אדמיניסטרציה,fulltime,"קבוצת אסם נסטלה מגייסת מזכיר/ת לשכת מנכ""ל תפקיד משמעותי בלב העשייה הארגונית, המשלב אחריות, יוזמה וניהול משימות מקצה לקצה . זוהי הזדמנות להצטרף לצוות הלשכה ולהיות בתפקיד תפעולי, מרכזי לצד תמיכה שוטפת במנהלת הלשכה.
תחומי אחריות
דרישות התפקיד",osem
מנהל/ת תחום תזונה קבוצת אסם-נסטלה,Osem-Nestlé,Hevel Modiin,2026-06-10,https://www.osem-nestle.co.il/career/open-positions/393319,טכנולוגיה ואיכות,fulltime,"קבוצת אסם נסטלה מגייסת מנהל/ת תחום תזונה לתפקיד שמטרתו בנייה ויישום אסטרטגיה בתחום התזונה, הבריאות ואיכות החיים בקבוצת אסם-נסטלה תוך הגדרת סדרי עדיפויות לפיתוח מוצרים וביסוס פורטפוליו תומך בהצעות מזון טעימות, בריאות ובנות-קיימא, במטרה לעורר השראה בקרב קהילות ובעלי עניין לאמץ אורח חיים מאוזן ומיטיב. במסגרת התפקיד: שותפות בבניית והטמעת אסטרטגית התזונה והבריאות במטרה להניע צמיחה עסקית ולחזק את המוניטין של המותגים. הובלת פורום תזונה לקידום יוזמות בתחום התזונה, הבריאות ואיכות החיים, תוך דגש על  פיתוח, שיווק וצריכה של מוצרים טעימים, בריאים וטובים יותר לסביבה. זיהוי הזדמנויות צמיחה בשוק והבאת ידע מהעולם להטמעה בארגון בצורה אפקטיבית הובלת מהלכי תקשורת שיביאו לידי ביטוי את המומחיות הארגונית בתחום התזונה. ניהול ההסברה התקשורתית סביב עולמות התזונה עבור מותגי הליבה של הקבוצה. גיבוש ויישום תכנית עבודה להטמעת ערכים מכווני תזונה בקרב עובדי החברה. להיות אוטוריטה בתחום התזונה, לקדם שיתופי פעולה עם מובילי דעה בתחום. שכלול תחום הדוברות מטעם הארגון, תוך שמירה על אמינות ומקצועיות. חיזוק היכולות והידע של קהילת השיווק בעולמות התזונה והבריאות בהתאמה לערכי נסטלה הבטחת מוכנות לעמידה ברגולציות המזון בישראל ובגלובל. להיות איש קשר מול חברת האם נסטלה להבטחת הטמעה של תוכניות ויוזמות גלובליות. דרישות התפקיד תואר ראשון במדעי התזונה/דיאטטיקה או תחום מדעי־חיים עם התמחות תזונתית. תואר שני- יתרון ניסיון של לפחות 10 שנים בתחום התזונה, מתוכם 5 שנים כמנהל/ת תזונה בארגון גלובלי גדול / בארגון בריאות ציבורי ידע ויכולת מוכחת בפיתוח מותגים ועסקים המעודדים התנהגות בריאה ניסיון בעבודת הסברה/אדווקציה או שיתוף פעולה עם מובילי דעה (KOLs) בתחומי תזונה, בריאות או Wellness. יכולת מוכחת להתנהלות בסביבה עסקית מורכבת וניהול ממשקים מרובים. הבנה שיווקית, היכרות עם אסטרטגיות בניית מותגים- יתרון משמעותי אנגלית ברמה מעולה מטה החברה ממוקם באזור תעשיה חבל מודיעין, שוהם.",osem
אחראי/ת אפליקציה מסחרית ושיווקית אסם סחר,Osem-Nestlé,Hevel Modiin,2026-06-10,https://www.osem-nestle.co.il/career/open-positions/393855,שיווק,fulltime,"רכז / ת אפליקציה מסחרית ושיווקית
רוצה להיכנס לחברה בינלאומית לעולם הדיגיטל , הסחר והשיווק ולהיות בלב העשייה ? מחפש / ת תפקיד עם השפעה אמיתית , למידה יומיומית ועבודה עם מותגים מובילים ? זה המקום שלך .
אנו מחפשים רכז / ת אפליקציה מסחרית ושיווקית עם ראש מסחרי וסקרנות גבוהה , שיצטרפו אלינו לתפקיד חדש , דינמי ומלא עניין – ניהול ופיתוח אפליקציית B2B מתקדמת שמניעה מכירות וחוויית לקוח .
במסגרת התפקיד : ניהול ותפעול שוטף של אפליקציית B2B, קידום מבצעים ותוכן , אחריות על הקטלוג הדיגיטלי , ניתוח נתונים , שיפור חוויית משתמש ועבודה שוטפת מול IT וממשקים נוספים .
מה חשוב לנו שתביא / י ?",osem
מכונאי/ת שדרות,Osem-Nestlé,Sderot,2026-06-10,https://www.osem-nestle.co.il/career/open-positions/368271,טכני וייצור,fulltime,"תיאור התפקיד
ביצוע אחזקה מתוכננת ושבר למכונות אריזה וייצור בדגש על מניעת תקלות.
מתן פתרונות יעילים ומהירים לתקלות ברצפת הייצור יתרון ידע בתחום הבקרה.
מתן שרות למחלקות הייצור.
העברת הדרכות בטיחות לעובדים חדשים ומתן הרשאה לעבודה במכונות.
דיווח פקודות עבודה במערכת ממוחשבת.
דרישות התפקיד
ניסיון בתעשייה יצרנית בתפקיד דומה- חובה
היכרות עם מכונות אריזה, יצור, משאבות, קיטור וכו... – יתרון
רקע במסגרות/רתכות- יתרון
ידע בשימוש במחשב, תוכנות OFFICE
נכונות לעבודה במשמרות
קיים מערך הסעות",osem
חשמלאי/ת מוסמכ/ת מפעל אסם נסטלה בשדרות,Osem-Nestlé,Sderot,2026-06-10,https://www.osem-nestle.co.il/career/open-positions/392492,טכני וייצור,fulltime,"תיאור התפקיד
ביצוע טיפול מונע במערכות החשמל
אחריות על תיעוד פעולות וממצאים במערכות
הובלת שיפורים ויישומם
קריאת שרטוטים
עבודה על פי מתודולוגית נסטלה
עבודה בהתאם לסטנדרטיזציה ונהלי המפעל
דרישות התפקיד
חשמלאי/ית מוסמך- חובה
ניסיון בתפקיד דומה בתעשייה- חובה
ידע במחשוב ובקרה- יתרון
ידע והיכרות עם חוק החשמל
בעל כישורי מחשב ידע בתוכנות בסיסיות , Excel, WORD, PP .
נכונות לעבודה במשמרות",osem
מתכנן/ת ייצור בונז'ור,Osem-Nestlé,Kiryat Gat,2026-06-10,https://www.osem-nestle.co.il/career/open-positions/389851,שרשרת אספקה ורכש,fulltime,"מפעל בונז'ור מגייס מתכנן/ת ייצור למחלקת שרשרת אספקה, במסגרת התפקיד
ניהול תכנית הייצור- בניית תוכנית עבודה יומית ושבועית המאזנת בין עמידה ביעדי מכירות לבין אילוצי ייצור (כוח אדם, זמינות קווים וחומרי גלם)
ניהול ומדיניות מלאי- אחריות על זמינות מוצרים מוגמרים, תוך הקפדה על צמצום השמדות חומרי גלם
ניהול אילוצים דינמיים- עבודה שוטפת מול סביבה משתנה, הבנה של יכולות הייצור והתנאים בשטח ותרגומם ללו""ז בר ביצוע
בקרה ושיפור תהליכים- ניתוח ביצוע מול תכנון , הובלת תהליכי התייעלות תכנוניים ושיפור קיבולות הייצור
ניתוח ביקושים- עבודה מול מטה החברה וחטיבת השיווק בנושא זה
דרישות התפקיד :
תואר בהנדסת תעשייה וניהול – חובה
מינימום 3 שנות ניסיון בתפקיד דומה או תפקיד אנליטי – חובה
שליטה ביישומי Office רמה גבוהה מאוד ב- EXCEL (יינתן מבדק בנושא) – חובה
ניסיון בעבודה עם מערכות ERP – חובה, SAP – יתרון
משרה מלאה עם נכונות לשעות נוספות במידת הצורך",osem
מפעיל/ה קו טבעול צבר,Osem-Nestlé,Kiryat Gat,2026-06-10,https://www.osem-nestle.co.il/career/open-positions/388700,,,,osem
מלגזן/ית מחסנאי/ת צבר,Osem-Nestlé,Kiryat Gat,2026-06-10,https://www.osem-nestle.co.il/career/open-positions/388703,,,,osem
מנהל/ת  משמרת צבר טבעול קרית גת,Osem-Nestlé,Kiryat Gat,2026-06-10,https://www.osem-nestle.co.il/career/open-positions/385812,,,,osem
טכנולוג/ית איכות למחלקת חטיפים אתר אסם נסטלה בשדרות,Osem-Nestlé,Sderot,2026-06-10,https://www.osem-nestle.co.il/career/open-positions/384070,,,,osem
נציג/ה למרכז המכירות של אסם סחר,Osem-Nestlé,Kiryat Gat,2026-06-10,https://www.osem-nestle.co.il/career/open-positions/382719,,,,osem
ראש צוות מרכז המכירות של אסם סחר בקרית גת,Osem-Nestlé,Kiryat Gat,2026-06-10,https://www.osem-nestle.co.il/career/open-positions/382985,,,,osem
מלגזן/ית לוגיסטיקה,Osem-Nestlé,Hevel Modiin,2026-06-10,https://www.osem-nestle.co.il/career/open-positions/382856,,,,osem
מנהל/ת צובר לוגיסטיקה,Osem-Nestlé,Hevel Modiin,2026-06-10,https://www.osem-nestle.co.il/career/open-positions/382648,,,,osem
חשמלאי/ת ראשי/ת שדרות,Osem-Nestlé,Sderot,2026-06-10,https://www.osem-nestle.co.il/career/open-positions/374986,,,,osem
מפעיל/ה קו מטרנה,Osem-Nestlé,Maabarot,2026-06-10,https://www.osem-nestle.co.il/career/open-positions/359705,,,,osem
